"predictors","approach","final_fuser","HYBAS_ID","model","product","kge","weight"
"SST","STAT","rf","1050021910","PCR","CCSM4",0.376091153497523,1
"SST","STAT","rf","1050021910","PCR","SEAS51c",0.144822581059086,0
"SST","STAT","rf","1050021910","PCR","METEOFRANCE9",0.0703654378085757,0
"SST","STAT","rf","1050021910","PCR","CFSv2",0.00924686507136063,0
"SST","STAT","rf","1050021910","PCR","CanSIPSIC4",-0.333227389685192,0
"SST","STAT","rf","1050021910","PCR","SEAS51",-0.809833329527359,0
"SST","STAT","rf","1050021910","PCR","SEAS51b",-0.834329867968861,0
"SST","STAT","rf","1050021910","RIDGE","CCSM4",0.431072947977464,1
"SST","STAT","rf","1050021910","RIDGE","CanSIPSIC4",-0.254243237283671,0
"SST","STAT","rf","1050021910","RIDGE","METEOFRANCE9",-0.282599587109193,0
"SST","STAT","rf","1050021910","RIDGE","CFSv2",-0.561081462009206,0
"SST","STAT","rf","1050021910","RIDGE","SEAS51c",-0.612571013815156,0
"SST","STAT","rf","1050021910","RIDGE","SEAS51b",-0.876157128058397,0
"SST","STAT","rf","1050021910","RIDGE","SEAS51",-0.94983036788428,0
"SST","STAT","rf","1050021910","LASSO","CCSM4",0.448813599729164,1
"SST","STAT","rf","1050021910","LASSO","CanSIPSIC4",-0.24036057234623,0
"SST","STAT","rf","1050021910","LASSO","METEOFRANCE9",-0.263711861090042,0
"SST","STAT","rf","1050021910","LASSO","CFSv2",-0.54850445489367,0
"SST","STAT","rf","1050021910","LASSO","SEAS51b",-0.858837287373847,0
"SST","STAT","rf","1050021910","LASSO","SEAS51c",-0.912995006994848,0
"SST","STAT","rf","1050021910","LASSO","SEAS51",-0.942334417829997,0
"SST","STAT","rf","1050021920","PCR","CanSIPSIC4",0.207020502720697,1
"SST","STAT","rf","1050021920","PCR","SEAS51c",0.106260840435387,0
"SST","STAT","rf","1050021920","PCR","CFSv2",0.089004184199348,0
"SST","STAT","rf","1050021920","PCR","SEAS51",-0.0180209798549653,0
"SST","STAT","rf","1050021920","PCR","METEOFRANCE9",-0.0251625126214869,0
"SST","STAT","rf","1050021920","PCR","SEAS51b",-0.0924906217024797,0
"SST","STAT","rf","1050021920","PCR","CCSM4",-0.17972978749214,0
"SST","STAT","rf","1050021920","RIDGE","CanSIPSIC4",-0.0098213223168393,1
"SST","STAT","rf","1050021920","RIDGE","CCSM4",-0.231130417583528,0
"SST","STAT","rf","1050021920","RIDGE","CFSv2",-0.328446918410018,0
"SST","STAT","rf","1050021920","RIDGE","SEAS51c",-0.661492130648334,0
"SST","STAT","rf","1050021920","RIDGE","METEOFRANCE9",-0.741420525622256,0
"SST","STAT","rf","1050021920","RIDGE","SEAS51",-0.9000151161034,0
"SST","STAT","rf","1050021920","RIDGE","SEAS51b",-0.987204066443258,0
"SST","STAT","rf","1050021920","LASSO","CanSIPSIC4",-0.000311819392977197,1
"SST","STAT","rf","1050021920","LASSO","CFSv2",-0.12178588794137,0
"SST","STAT","rf","1050021920","LASSO","CCSM4",-0.190971702328959,0
"SST","STAT","rf","1050021920","LASSO","SEAS51c",-0.659289966632686,0
"SST","STAT","rf","1050021920","LASSO","METEOFRANCE9",-0.717713486033736,0
"SST","STAT","rf","1050021920","LASSO","SEAS51b",-0.860515238089709,0
"SST","STAT","rf","1050021920","LASSO","SEAS51",-0.895833259901419,0
"SST","STAT","rf","1050021940","PCR","SEAS51c",0.239189964656878,1
"SST","STAT","rf","1050021940","PCR","CFSv2",-0.115887598881561,0
"SST","STAT","rf","1050021940","PCR","CanSIPSIC4",-0.248891517215458,0
"SST","STAT","rf","1050021940","PCR","SEAS51b",-0.529026034139604,0
"SST","STAT","rf","1050021940","PCR","SEAS51",-0.56739308287642,0
"SST","STAT","rf","1050021940","PCR","CCSM4",-0.741642623447837,0
"SST","STAT","rf","1050021940","PCR","METEOFRANCE9",-0.771386503803904,0
"SST","STAT","rf","1050021940","RIDGE","CFSv2",-0.368946258131756,1
"SST","STAT","rf","1050021940","RIDGE","CCSM4",-0.395172050445545,0
"SST","STAT","rf","1050021940","RIDGE","SEAS51",-0.676122057037046,0
"SST","STAT","rf","1050021940","RIDGE","SEAS51b",-0.745204182686179,0
"SST","STAT","rf","1050021940","RIDGE","CanSIPSIC4",-0.748374898943241,0
"SST","STAT","rf","1050021940","RIDGE","METEOFRANCE9",-0.811655433953621,0
"SST","STAT","rf","1050021940","RIDGE","SEAS51c",-0.948663452486742,0
"SST","STAT","rf","1050021940","LASSO","CFSv2",-0.352944729600212,1
"SST","STAT","rf","1050021940","LASSO","CCSM4",-0.405486139179734,0
"SST","STAT","rf","1050021940","LASSO","SEAS51",-0.667400036684047,0
"SST","STAT","rf","1050021940","LASSO","SEAS51b",-0.734852213885044,0
"SST","STAT","rf","1050021940","LASSO","CanSIPSIC4",-0.740142628332154,0
"SST","STAT","rf","1050021940","LASSO","METEOFRANCE9",-0.805247946547094,0
"SST","STAT","rf","1050021940","LASSO","SEAS51c",-0.943386736330399,0
"SST","STAT","rf","1050022420","PCR","CFSv2",0.559797194460341,1
"SST","STAT","rf","1050022420","PCR","SEAS51c",0.32829953382249,0
"SST","STAT","rf","1050022420","PCR","SEAS51",0.135654804053045,0
"SST","STAT","rf","1050022420","PCR","CCSM4",0.130087057703532,0
"SST","STAT","rf","1050022420","PCR","SEAS51b",0.0354774562979638,0
"SST","STAT","rf","1050022420","PCR","METEOFRANCE9",-0.186604202752745,0
"SST","STAT","rf","1050022420","PCR","CanSIPSIC4",-0.440230184990262,0
"SST","STAT","rf","1050022420","RIDGE","SEAS51",0.0653596466869943,1
"SST","STAT","rf","1050022420","RIDGE","SEAS51b",0.0613159731879613,0
"SST","STAT","rf","1050022420","RIDGE","CFSv2",-0.0893561483634562,0
"SST","STAT","rf","1050022420","RIDGE","CCSM4",-0.125404623813338,0
"SST","STAT","rf","1050022420","RIDGE","CanSIPSIC4",-0.256642863465455,0
"SST","STAT","rf","1050022420","RIDGE","METEOFRANCE9",-0.297285041049208,0
"SST","STAT","rf","1050022420","RIDGE","SEAS51c",-9.92124234556771,0
"SST","STAT","rf","1050022420","LASSO","SEAS51",0.0712671378000351,1
"SST","STAT","rf","1050022420","LASSO","SEAS51b",0.0647898046790975,0
"SST","STAT","rf","1050022420","LASSO","CFSv2",-0.048497157139016,0
"SST","STAT","rf","1050022420","LASSO","CCSM4",-0.120091630607982,0
"SST","STAT","rf","1050022420","LASSO","CanSIPSIC4",-0.248975783309287,0
"SST","STAT","rf","1050022420","LASSO","METEOFRANCE9",-0.278895777139709,0
"SST","STAT","rf","1050022420","LASSO","SEAS51c",-12.0462326722669,0
"SST","STAT","rf","1050022430","PCR","CFSv2",0.406323164933186,1
"SST","STAT","rf","1050022430","PCR","SEAS51",-0.0416012577036964,0
"SST","STAT","rf","1050022430","PCR","SEAS51b",-0.0583483307297163,0
"SST","STAT","rf","1050022430","PCR","METEOFRANCE9",-0.207643406356262,0
"SST","STAT","rf","1050022430","PCR","CanSIPSIC4",-0.453271602858948,0
"SST","STAT","rf","1050022430","PCR","CCSM4",-0.477690283875682,0
"SST","STAT","rf","1050022430","PCR","SEAS51c",-0.505207042121983,0
"SST","STAT","rf","1050022430","RIDGE","CFSv2",0.572578153582914,1
"SST","STAT","rf","1050022430","RIDGE","CanSIPSIC4",-0.127539672693699,0
"SST","STAT","rf","1050022430","RIDGE","CCSM4",-0.190503006266812,0
"SST","STAT","rf","1050022430","RIDGE","METEOFRANCE9",-0.243786578053115,0
"SST","STAT","rf","1050022430","RIDGE","SEAS51",-0.503217048411177,0
"SST","STAT","rf","1050022430","RIDGE","SEAS51b",-0.600169985181862,0
"SST","STAT","rf","1050022430","RIDGE","SEAS51c",-1.1907902848562,0
"SST","STAT","rf","1050022430","LASSO","CFSv2",0.59850436899426,1
"SST","STAT","rf","1050022430","LASSO","METEOFRANCE9",0.0529450986745517,0
"SST","STAT","rf","1050022430","LASSO","CanSIPSIC4",-0.108302883608151,0
"SST","STAT","rf","1050022430","LASSO","CCSM4",-0.177448805452795,0
"SST","STAT","rf","1050022430","LASSO","SEAS51",-0.482513830947859,0
"SST","STAT","rf","1050022430","LASSO","SEAS51b",-0.558431534157046,0
"SST","STAT","rf","1050022430","LASSO","SEAS51c",-1.01129075001748,0
"SST","STAT","rf","1050022910","PCR","SEAS51c",0.0681212121096827,1
"SST","STAT","rf","1050022910","PCR","METEOFRANCE9",0.0261391953833041,0
"SST","STAT","rf","1050022910","PCR","CFSv2",-0.0840244007815281,0
"SST","STAT","rf","1050022910","PCR","SEAS51b",-0.151357925133224,0
"SST","STAT","rf","1050022910","PCR","SEAS51",-0.155327321612984,0
"SST","STAT","rf","1050022910","PCR","CanSIPSIC4",-0.465368144419287,0
"SST","STAT","rf","1050022910","PCR","CCSM4",-0.673318862855512,0
"SST","STAT","rf","1050022910","RIDGE","CanSIPSIC4",-0.137805849421888,1
"SST","STAT","rf","1050022910","RIDGE","CFSv2",-0.228162377984334,0
"SST","STAT","rf","1050022910","RIDGE","METEOFRANCE9",-0.243387354600197,0
"SST","STAT","rf","1050022910","RIDGE","SEAS51b",-0.961437818591623,0
"SST","STAT","rf","1050022910","RIDGE","SEAS51",-1.01342105931706,0
"SST","STAT","rf","1050022910","RIDGE","CCSM4",-1.01390572306241,0
"SST","STAT","rf","1050022910","RIDGE","SEAS51c",-2.56009816532016,0
"SST","STAT","rf","1050022910","LASSO","CFSv2",0.208116341385685,1
"SST","STAT","rf","1050022910","LASSO","CanSIPSIC4",-0.116317462727145,0
"SST","STAT","rf","1050022910","LASSO","METEOFRANCE9",-0.225081381222326,0
"SST","STAT","rf","1050022910","LASSO","CCSM4",-0.581746572058,0
"SST","STAT","rf","1050022910","LASSO","SEAS51",-0.878050960501349,0
"SST","STAT","rf","1050022910","LASSO","SEAS51b",-0.953686562606131,0
"SST","STAT","rf","1050022910","LASSO","SEAS51c",-2.01205909145774,0
"SST","STAT","rf","1050022920","PCR","CFSv2",0.338891922593074,1
"SST","STAT","rf","1050022920","PCR","METEOFRANCE9",0.171479484072623,0
"SST","STAT","rf","1050022920","PCR","SEAS51b",0.146105536112371,0
"SST","STAT","rf","1050022920","PCR","SEAS51",0.126844573979514,0
"SST","STAT","rf","1050022920","PCR","SEAS51c",0.116451773181247,0
"SST","STAT","rf","1050022920","PCR","CCSM4",-0.123852034462484,0
"SST","STAT","rf","1050022920","PCR","CanSIPSIC4",-0.351229792391838,0
"SST","STAT","rf","1050022920","RIDGE","METEOFRANCE9",0.0717566873201219,1
"SST","STAT","rf","1050022920","RIDGE","CFSv2",0.0582712161796727,0
"SST","STAT","rf","1050022920","RIDGE","CCSM4",-0.12801051675109,0
"SST","STAT","rf","1050022920","RIDGE","CanSIPSIC4",-0.311148344815753,0
"SST","STAT","rf","1050022920","RIDGE","SEAS51",-0.848451062111825,0
"SST","STAT","rf","1050022920","RIDGE","SEAS51b",-0.983034735271642,0
"SST","STAT","rf","1050022920","RIDGE","SEAS51c",-1.70897252984461,0
"SST","STAT","rf","1050022920","LASSO","CFSv2",0.527885423405974,1
"SST","STAT","rf","1050022920","LASSO","CCSM4",0.260219419500024,0
"SST","STAT","rf","1050022920","LASSO","METEOFRANCE9",0.177301805762285,0
"SST","STAT","rf","1050022920","LASSO","CanSIPSIC4",-0.302727538161733,0
"SST","STAT","rf","1050022920","LASSO","SEAS51",-0.629481989321595,0
"SST","STAT","rf","1050022920","LASSO","SEAS51b",-0.681976456760608,0
"SST","STAT","rf","1050022920","LASSO","SEAS51c",-1.19771313413893,0
"SST","STAT","rf","1050023020","PCR","CFSv2",0.16904569624867,1
"SST","STAT","rf","1050023020","PCR","SEAS51c",-0.0377297134581596,0
"SST","STAT","rf","1050023020","PCR","SEAS51b",-0.0566081202361937,0
"SST","STAT","rf","1050023020","PCR","SEAS51",-0.0877336805735052,0
"SST","STAT","rf","1050023020","PCR","CanSIPSIC4",-0.0889747212902514,0
"SST","STAT","rf","1050023020","PCR","METEOFRANCE9",-0.0978773216111484,0
"SST","STAT","rf","1050023020","PCR","CCSM4",-0.417003865982335,0
"SST","STAT","rf","1050023020","RIDGE","METEOFRANCE9",0.0614984703745673,1
"SST","STAT","rf","1050023020","RIDGE","CanSIPSIC4",-0.219675207361752,0
"SST","STAT","rf","1050023020","RIDGE","SEAS51",-0.85053048486929,0
"SST","STAT","rf","1050023020","RIDGE","SEAS51b",-0.870051525196728,0
"SST","STAT","rf","1050023020","RIDGE","CCSM4",-1.04556220442478,0
"SST","STAT","rf","1050023020","RIDGE","SEAS51c",-1.41441903715636,0
"SST","STAT","rf","1050023020","RIDGE","CFSv2",-2.38484067730299,0
"SST","STAT","rf","1050023020","LASSO","METEOFRANCE9",0.0711721238474931,1
"SST","STAT","rf","1050023020","LASSO","CanSIPSIC4",-0.199257237148892,0
"SST","STAT","rf","1050023020","LASSO","CCSM4",-0.836526508460812,0
"SST","STAT","rf","1050023020","LASSO","SEAS51",-0.836886908056301,0
"SST","STAT","rf","1050023020","LASSO","SEAS51b",-0.871609055319006,0
"SST","STAT","rf","1050023020","LASSO","SEAS51c",-1.39540840622405,0
"SST","STAT","rf","1050023020","LASSO","CFSv2",-2.25195757786087,0
"SST","STAT","rf","1050023050","PCR","SEAS51c",0.126474610598406,1
"SST","STAT","rf","1050023050","PCR","CanSIPSIC4",0.105401737093875,0
"SST","STAT","rf","1050023050","PCR","SEAS51",0.101805189831397,0
"SST","STAT","rf","1050023050","PCR","SEAS51b",0.0945553650001908,0
"SST","STAT","rf","1050023050","PCR","METEOFRANCE9",0.0455290204124043,0
"SST","STAT","rf","1050023050","PCR","CCSM4",-0.0127515944843832,0
"SST","STAT","rf","1050023050","PCR","CFSv2",-0.318542752569517,0
"SST","STAT","rf","1050023050","RIDGE","SEAS51",0.372854396718273,1
"SST","STAT","rf","1050023050","RIDGE","SEAS51b",0.203417325889421,0
"SST","STAT","rf","1050023050","RIDGE","CFSv2",0.187299766890603,0
"SST","STAT","rf","1050023050","RIDGE","METEOFRANCE9",0.0477892177761591,0
"SST","STAT","rf","1050023050","RIDGE","CanSIPSIC4",0.0134650438005136,0
"SST","STAT","rf","1050023050","RIDGE","CCSM4",-0.697888701715372,0
"SST","STAT","rf","1050023050","RIDGE","SEAS51c",-4.23537737733806,0
"SST","STAT","rf","1050023050","LASSO","SEAS51",0.409319821891106,1
"SST","STAT","rf","1050023050","LASSO","CFSv2",0.27520536958842,0
"SST","STAT","rf","1050023050","LASSO","SEAS51b",0.263131039689947,0
"SST","STAT","rf","1050023050","LASSO","METEOFRANCE9",0.0845530697436885,0
"SST","STAT","rf","1050023050","LASSO","CanSIPSIC4",0.0163205556859841,0
"SST","STAT","rf","1050023050","LASSO","CCSM4",-0.705266971592728,0
"SST","STAT","rf","1050023050","LASSO","SEAS51c",-4.20540788820731,0
"SST","STAT","rf","1050023060","PCR","SEAS51b",0.701794300199341,1
"SST","STAT","rf","1050023060","PCR","SEAS51c",0.637755004381146,0
"SST","STAT","rf","1050023060","PCR","SEAS51",0.622464975352685,0
"SST","STAT","rf","1050023060","PCR","METEOFRANCE9",0.527951270167695,0
"SST","STAT","rf","1050023060","PCR","CanSIPSIC4",0.492842301799583,0
"SST","STAT","rf","1050023060","PCR","CCSM4",0.23472365296348,0
"SST","STAT","rf","1050023060","PCR","CFSv2",-0.188405414150812,0
"SST","STAT","rf","1050023060","RIDGE","SEAS51",0.657573751450123,1
"SST","STAT","rf","1050023060","RIDGE","METEOFRANCE9",0.535389807037556,0
"SST","STAT","rf","1050023060","RIDGE","CanSIPSIC4",0.427502474550719,0
"SST","STAT","rf","1050023060","RIDGE","SEAS51b",0.413446165778678,0
"SST","STAT","rf","1050023060","RIDGE","CCSM4",0.179601483721389,0
"SST","STAT","rf","1050023060","RIDGE","CFSv2",0.0511353365863775,0
"SST","STAT","rf","1050023060","RIDGE","SEAS51c",-0.646203395371059,0
"SST","STAT","rf","1050023060","LASSO","SEAS51",0.6753953347029,1
"SST","STAT","rf","1050023060","LASSO","METEOFRANCE9",0.593775614458892,0
"SST","STAT","rf","1050023060","LASSO","SEAS51b",0.432999458839935,0
"SST","STAT","rf","1050023060","LASSO","CanSIPSIC4",0.384535419948043,0
"SST","STAT","rf","1050023060","LASSO","CCSM4",0.189195907294851,0
"SST","STAT","rf","1050023060","LASSO","CFSv2",0.0742375794705485,0
"SST","STAT","rf","1050023060","LASSO","SEAS51c",-1.88465527963285,0
"SST","STAT","rf","1050023130","PCR","SEAS51c",0.879316617332089,1
"SST","STAT","rf","1050023130","PCR","SEAS51b",0.694131800701182,0
"SST","STAT","rf","1050023130","PCR","SEAS51",0.693533462657114,0
"SST","STAT","rf","1050023130","PCR","CanSIPSIC4",0.500289071110461,0
"SST","STAT","rf","1050023130","PCR","CCSM4",0.476914974379438,0
"SST","STAT","rf","1050023130","PCR","METEOFRANCE9",0.343644088269948,0
"SST","STAT","rf","1050023130","PCR","CFSv2",0.326330512978265,0
"SST","STAT","rf","1050023130","RIDGE","SEAS51",0.642622918052044,1
"SST","STAT","rf","1050023130","RIDGE","METEOFRANCE9",0.562273265382037,0
"SST","STAT","rf","1050023130","RIDGE","SEAS51b",0.560448783880155,0
"SST","STAT","rf","1050023130","RIDGE","SEAS51c",0.25904268168585,0
"SST","STAT","rf","1050023130","RIDGE","CanSIPSIC4",0.196925719208719,0
"SST","STAT","rf","1050023130","RIDGE","CCSM4",-0.304032858456191,0
"SST","STAT","rf","1050023130","RIDGE","CFSv2",-4.21037164205232,0
"SST","STAT","rf","1050023130","LASSO","SEAS51",0.669461782316128,1
"SST","STAT","rf","1050023130","LASSO","SEAS51b",0.583724123521731,0
"SST","STAT","rf","1050023130","LASSO","METEOFRANCE9",0.576263211821164,0
"SST","STAT","rf","1050023130","LASSO","SEAS51c",0.509660575387587,0
"SST","STAT","rf","1050023130","LASSO","CanSIPSIC4",0.354833528687816,0
"SST","STAT","rf","1050023130","LASSO","CCSM4",0.0535686987116895,0
"SST","STAT","rf","1050023130","LASSO","CFSv2",-0.14289464229473,0
"SST","STAT","rf","1050023140","PCR","SEAS51c",0.849008163431833,1
"SST","STAT","rf","1050023140","PCR","SEAS51b",0.700483057911228,0
"SST","STAT","rf","1050023140","PCR","SEAS51",0.695669746731834,0
"SST","STAT","rf","1050023140","PCR","CanSIPSIC4",0.537626326183099,0
"SST","STAT","rf","1050023140","PCR","CCSM4",0.471916371374929,0
"SST","STAT","rf","1050023140","PCR","METEOFRANCE9",0.348260176594471,0
"SST","STAT","rf","1050023140","PCR","CFSv2",0.340980171285375,0
"SST","STAT","rf","1050023140","RIDGE","SEAS51",0.656429860640717,1
"SST","STAT","rf","1050023140","RIDGE","METEOFRANCE9",0.574471911863948,0
"SST","STAT","rf","1050023140","RIDGE","SEAS51b",0.554575282137597,0
"SST","STAT","rf","1050023140","RIDGE","SEAS51c",0.338244867205224,0
"SST","STAT","rf","1050023140","RIDGE","CanSIPSIC4",0.198213140595138,0
"SST","STAT","rf","1050023140","RIDGE","CCSM4",-0.299183723141061,0
"SST","STAT","rf","1050023140","RIDGE","CFSv2",-4.07902269450228,0
"SST","STAT","rf","1050023140","LASSO","SEAS51",0.674049964965976,1
"SST","STAT","rf","1050023140","LASSO","METEOFRANCE9",0.588643251347393,0
"SST","STAT","rf","1050023140","LASSO","SEAS51b",0.577861646384755,0
"SST","STAT","rf","1050023140","LASSO","SEAS51c",0.531979872704119,0
"SST","STAT","rf","1050023140","LASSO","CanSIPSIC4",0.382103897636388,0
"SST","STAT","rf","1050023140","LASSO","CCSM4",0.0863208801948606,0
"SST","STAT","rf","1050023140","LASSO","CFSv2",-0.149681527989513,0
"SST","STAT","rf","1050023300","PCR","CFSv2",0.506979479913252,1
"SST","STAT","rf","1050023300","PCR","METEOFRANCE9",0.504906211413608,0
"SST","STAT","rf","1050023300","PCR","SEAS51c",0.418798859978449,0
"SST","STAT","rf","1050023300","PCR","SEAS51",0.291985072165036,0
"SST","STAT","rf","1050023300","PCR","SEAS51b",0.268195564197869,0
"SST","STAT","rf","1050023300","PCR","CanSIPSIC4",0.171801884832419,0
"SST","STAT","rf","1050023300","PCR","CCSM4",0.123447800792465,0
"SST","STAT","rf","1050023300","RIDGE","SEAS51b",0.644599660399892,1
"SST","STAT","rf","1050023300","RIDGE","SEAS51",0.63384909397038,0
"SST","STAT","rf","1050023300","RIDGE","CFSv2",0.537047504449798,0
"SST","STAT","rf","1050023300","RIDGE","METEOFRANCE9",0.3862808453687,0
"SST","STAT","rf","1050023300","RIDGE","CCSM4",0.242157843985664,0
"SST","STAT","rf","1050023300","RIDGE","CanSIPSIC4",0.00841534544961442,0
"SST","STAT","rf","1050023300","RIDGE","SEAS51c",-2.34340505654927,0
"SST","STAT","rf","1050023300","LASSO","SEAS51b",0.658270159018714,1
"SST","STAT","rf","1050023300","LASSO","SEAS51",0.652002311307234,0
"SST","STAT","rf","1050023300","LASSO","CFSv2",0.549241589335319,0
"SST","STAT","rf","1050023300","LASSO","METEOFRANCE9",0.403996428792061,0
"SST","STAT","rf","1050023300","LASSO","CCSM4",0.24149312219252,0
"SST","STAT","rf","1050023300","LASSO","CanSIPSIC4",0.0147557427208845,0
"SST","STAT","rf","1050023300","LASSO","SEAS51c",-2.35964783639383,0
"SST","STAT","rf","1050023310","PCR","SEAS51c",-0.12596834131618,1
"SST","STAT","rf","1050023310","PCR","CanSIPSIC4",-0.223592373588243,0
"SST","STAT","rf","1050023310","PCR","SEAS51",-0.300046434120278,0
"SST","STAT","rf","1050023310","PCR","SEAS51b",-0.300761794428679,0
"SST","STAT","rf","1050023310","PCR","CCSM4",-0.426025176599687,0
"SST","STAT","rf","1050023310","PCR","CFSv2",-0.868937339609466,0
"SST","STAT","rf","1050023310","PCR","METEOFRANCE9",-2.58849094890917,0
"SST","STAT","rf","1050023310","RIDGE","CanSIPSIC4",-0.211731931454618,1
"SST","STAT","rf","1050023310","RIDGE","SEAS51",-0.934943200747374,0
"SST","STAT","rf","1050023310","RIDGE","SEAS51b",-1.03343717437562,0
"SST","STAT","rf","1050023310","RIDGE","CCSM4",-2.66996662403784,0
"SST","STAT","rf","1050023310","RIDGE","SEAS51c",-2.98351024515017,0
"SST","STAT","rf","1050023310","RIDGE","METEOFRANCE9",-3.02542180969419,0
"SST","STAT","rf","1050023310","RIDGE","CFSv2",-4.22543049026153,0
"SST","STAT","rf","1050023310","LASSO","CanSIPSIC4",-0.202793909726327,1
"SST","STAT","rf","1050023310","LASSO","SEAS51",-0.920504802717544,0
"SST","STAT","rf","1050023310","LASSO","SEAS51b",-1.0270088576084,0
"SST","STAT","rf","1050023310","LASSO","CCSM4",-2.75195178546707,0
"SST","STAT","rf","1050023310","LASSO","METEOFRANCE9",-2.94384913175397,0
"SST","STAT","rf","1050023310","LASSO","SEAS51c",-3.12170588199674,0
"SST","STAT","rf","1050023310","LASSO","CFSv2",-3.84133697330157,0
"SST","STAT","rf","1050023890","PCR","METEOFRANCE9",0.159705200900249,1
"SST","STAT","rf","1050023890","PCR","CCSM4",0.156838308934518,0
"SST","STAT","rf","1050023890","PCR","CFSv2",-0.0646317798415714,0
"SST","STAT","rf","1050023890","PCR","CanSIPSIC4",-0.0885777321838424,0
"SST","STAT","rf","1050023890","PCR","SEAS51c",-0.160730145954393,0
"SST","STAT","rf","1050023890","PCR","SEAS51b",-0.225227133312382,0
"SST","STAT","rf","1050023890","PCR","SEAS51",-0.238057775815475,0
"SST","STAT","rf","1050023890","RIDGE","CFSv2",0.0396458658119424,1
"SST","STAT","rf","1050023890","RIDGE","METEOFRANCE9",-0.209847128083487,0
"SST","STAT","rf","1050023890","RIDGE","CanSIPSIC4",-0.721769178785662,0
"SST","STAT","rf","1050023890","RIDGE","CCSM4",-0.762121412404141,0
"SST","STAT","rf","1050023890","RIDGE","SEAS51",-0.890706879452539,0
"SST","STAT","rf","1050023890","RIDGE","SEAS51b",-0.900177749936488,0
"SST","STAT","rf","1050023890","RIDGE","SEAS51c",-2.00301626261642,0
"SST","STAT","rf","1050023890","LASSO","CFSv2",0.0463608342648915,1
"SST","STAT","rf","1050023890","LASSO","METEOFRANCE9",-0.10670133604215,0
"SST","STAT","rf","1050023890","LASSO","CCSM4",-0.363730923366193,0
"SST","STAT","rf","1050023890","LASSO","CanSIPSIC4",-0.65616026354922,0
"SST","STAT","rf","1050023890","LASSO","SEAS51",-0.88969558795569,0
"SST","STAT","rf","1050023890","LASSO","SEAS51b",-0.901359759933131,0
"SST","STAT","rf","1050023890","LASSO","SEAS51c",-1.34646837815094,0
"SST","STAT","rf","1050023900","PCR","CanSIPSIC4",0.352744313230036,1
"SST","STAT","rf","1050023900","PCR","METEOFRANCE9",0.230425960070126,0
"SST","STAT","rf","1050023900","PCR","CCSM4",-0.0914222339221362,0
"SST","STAT","rf","1050023900","PCR","CFSv2",-0.116157427319288,0
"SST","STAT","rf","1050023900","PCR","SEAS51",-0.160668948270924,0
"SST","STAT","rf","1050023900","PCR","SEAS51b",-0.242568987235836,0
"SST","STAT","rf","1050023900","PCR","SEAS51c",-0.651176921627605,0
"SST","STAT","rf","1050023900","RIDGE","CanSIPSIC4",0.518405158642474,1
"SST","STAT","rf","1050023900","RIDGE","METEOFRANCE9",-0.212099219806683,0
"SST","STAT","rf","1050023900","RIDGE","SEAS51",-0.373126104187874,0
"SST","STAT","rf","1050023900","RIDGE","SEAS51b",-0.487295092736839,0
"SST","STAT","rf","1050023900","RIDGE","CFSv2",-0.666212282232473,0
"SST","STAT","rf","1050023900","RIDGE","CCSM4",-1.56430396790115,0
"SST","STAT","rf","1050023900","RIDGE","SEAS51c",-3.57760713476114,0
"SST","STAT","rf","1050023900","LASSO","CanSIPSIC4",0.537968943673796,1
"SST","STAT","rf","1050023900","LASSO","METEOFRANCE9",-0.0160477013127165,0
"SST","STAT","rf","1050023900","LASSO","SEAS51",-0.376621919352481,0
"SST","STAT","rf","1050023900","LASSO","SEAS51b",-0.492141538879221,0
"SST","STAT","rf","1050023900","LASSO","CFSv2",-0.575590818844709,0
"SST","STAT","rf","1050023900","LASSO","CCSM4",-1.16882039606211,0
"SST","STAT","rf","1050023900","LASSO","SEAS51c",-2.66654782161412,0
"SST","STAT","rf","1050023950","PCR","METEOFRANCE9",0.00626517729541642,1
"SST","STAT","rf","1050023950","PCR","SEAS51",-0.178174428844111,0
"SST","STAT","rf","1050023950","PCR","SEAS51b",-0.213698672131727,0
"SST","STAT","rf","1050023950","PCR","CCSM4",-0.276041784768302,0
"SST","STAT","rf","1050023950","PCR","CanSIPSIC4",-0.298230342860673,0
"SST","STAT","rf","1050023950","PCR","SEAS51c",-0.409097970674298,0
"SST","STAT","rf","1050023950","PCR","CFSv2",-0.410076398637869,0
"SST","STAT","rf","1050023950","RIDGE","METEOFRANCE9",-0.5207877297059,1
"SST","STAT","rf","1050023950","RIDGE","SEAS51b",-0.535425251695001,0
"SST","STAT","rf","1050023950","RIDGE","SEAS51",-0.537624659114232,0
"SST","STAT","rf","1050023950","RIDGE","CanSIPSIC4",-0.728775106866678,0
"SST","STAT","rf","1050023950","RIDGE","CCSM4",-1.52186520147612,0
"SST","STAT","rf","1050023950","RIDGE","CFSv2",-1.52378471575328,0
"SST","STAT","rf","1050023950","RIDGE","SEAS51c",-5.88244348689658,0
"SST","STAT","rf","1050023950","LASSO","SEAS51b",-0.437065832268435,1
"SST","STAT","rf","1050023950","LASSO","SEAS51",-0.481367512943984,0
"SST","STAT","rf","1050023950","LASSO","METEOFRANCE9",-0.519016685830455,0
"SST","STAT","rf","1050023950","LASSO","CanSIPSIC4",-0.737128948869552,0
"SST","STAT","rf","1050023950","LASSO","CCSM4",-1.26017240653224,0
"SST","STAT","rf","1050023950","LASSO","CFSv2",-1.29899780422758,0
"SST","STAT","rf","1050023950","LASSO","SEAS51c",-4.83715139459144,0
"SST","STAT","rf","1050023960","PCR","CanSIPSIC4",0.267960995392024,1
"SST","STAT","rf","1050023960","PCR","METEOFRANCE9",0.0631029736549015,0
"SST","STAT","rf","1050023960","PCR","SEAS51",-0.127796825109875,0
"SST","STAT","rf","1050023960","PCR","SEAS51b",-0.153774674086556,0
"SST","STAT","rf","1050023960","PCR","CCSM4",-0.22404950930853,0
"SST","STAT","rf","1050023960","PCR","SEAS51c",-0.30062949922843,0
"SST","STAT","rf","1050023960","PCR","CFSv2",-0.445558468284738,0
"SST","STAT","rf","1050023960","RIDGE","CanSIPSIC4",0.0187158823316548,1
"SST","STAT","rf","1050023960","RIDGE","METEOFRANCE9",-0.0236700396005491,0
"SST","STAT","rf","1050023960","RIDGE","SEAS51b",-0.303816146167776,0
"SST","STAT","rf","1050023960","RIDGE","SEAS51",-0.315304998166636,0
"SST","STAT","rf","1050023960","RIDGE","CFSv2",-0.828804636196291,0
"SST","STAT","rf","1050023960","RIDGE","CCSM4",-1.37006241108324,0
"SST","STAT","rf","1050023960","RIDGE","SEAS51c",-2.50414657283989,0
"SST","STAT","rf","1050023960","LASSO","CanSIPSIC4",0.0412906453124789,1
"SST","STAT","rf","1050023960","LASSO","METEOFRANCE9",-0.00830695392857672,0
"SST","STAT","rf","1050023960","LASSO","SEAS51",-0.307390621809117,0
"SST","STAT","rf","1050023960","LASSO","SEAS51b",-0.307707819675669,0
"SST","STAT","rf","1050023960","LASSO","CFSv2",-0.81589261056307,0
"SST","STAT","rf","1050023960","LASSO","CCSM4",-1.29125088667953,0
"SST","STAT","rf","1050023960","LASSO","SEAS51c",-2.2896112520251,0
"SST","STAT","rf","1050024070","PCR","CCSM4",0.542721694309717,1
"SST","STAT","rf","1050024070","PCR","SEAS51",0.192552988829145,0
"SST","STAT","rf","1050024070","PCR","SEAS51b",0.190455811121715,0
"SST","STAT","rf","1050024070","PCR","CFSv2",-0.276705696157524,0
"SST","STAT","rf","1050024070","PCR","METEOFRANCE9",-0.3363599118166,0
"SST","STAT","rf","1050024070","PCR","CanSIPSIC4",-0.405585981620679,0
"SST","STAT","rf","1050024070","PCR","SEAS51c",-0.667973597014827,0
"SST","STAT","rf","1050024070","RIDGE","SEAS51",0.0872034879307857,1
"SST","STAT","rf","1050024070","RIDGE","CFSv2",0.0346894626299734,0
"SST","STAT","rf","1050024070","RIDGE","SEAS51b",-0.0685299529025114,0
"SST","STAT","rf","1050024070","RIDGE","METEOFRANCE9",-0.303856065280672,0
"SST","STAT","rf","1050024070","RIDGE","CanSIPSIC4",-0.543907537727145,0
"SST","STAT","rf","1050024070","RIDGE","CCSM4",-0.659037947642817,0
"SST","STAT","rf","1050024070","RIDGE","SEAS51c",-0.820134397092273,0
"SST","STAT","rf","1050024070","LASSO","SEAS51",0.100073544345512,1
"SST","STAT","rf","1050024070","LASSO","CFSv2",0.0355166620413946,0
"SST","STAT","rf","1050024070","LASSO","SEAS51b",-0.0161816238122114,0
"SST","STAT","rf","1050024070","LASSO","METEOFRANCE9",-0.133559530819823,0
"SST","STAT","rf","1050024070","LASSO","CCSM4",-0.379415725012315,0
"SST","STAT","rf","1050024070","LASSO","CanSIPSIC4",-0.512515336264448,0
"SST","STAT","rf","1050024070","LASSO","SEAS51c",-0.664350510248684,0
"SST","STAT","rf","1050024080","PCR","CanSIPSIC4",0.162891982130186,1
"SST","STAT","rf","1050024080","PCR","METEOFRANCE9",-0.0287537561517719,0
"SST","STAT","rf","1050024080","PCR","CCSM4",-0.154495275415901,0
"SST","STAT","rf","1050024080","PCR","SEAS51b",-0.278452353956811,0
"SST","STAT","rf","1050024080","PCR","SEAS51c",-0.323719675155615,0
"SST","STAT","rf","1050024080","PCR","SEAS51",-0.323805323499475,0
"SST","STAT","rf","1050024080","PCR","CFSv2",-0.545126994731873,0
"SST","STAT","rf","1050024080","RIDGE","METEOFRANCE9",-0.0510827802140634,1
"SST","STAT","rf","1050024080","RIDGE","CanSIPSIC4",-0.221192098974504,0
"SST","STAT","rf","1050024080","RIDGE","SEAS51b",-0.448451650818683,0
"SST","STAT","rf","1050024080","RIDGE","SEAS51",-0.489709118809458,0
"SST","STAT","rf","1050024080","RIDGE","CFSv2",-1.30482953329733,0
"SST","STAT","rf","1050024080","RIDGE","CCSM4",-2.2127603169506,0
"SST","STAT","rf","1050024080","RIDGE","SEAS51c",-4.17113653605399,0
"SST","STAT","rf","1050024080","LASSO","METEOFRANCE9",-0.0495494936079521,1
"SST","STAT","rf","1050024080","LASSO","CanSIPSIC4",-0.15892489614378,0
"SST","STAT","rf","1050024080","LASSO","SEAS51b",-0.445343397836157,0
"SST","STAT","rf","1050024080","LASSO","SEAS51",-0.467040823796383,0
"SST","STAT","rf","1050024080","LASSO","CFSv2",-1.09085992151836,0
"SST","STAT","rf","1050024080","LASSO","CCSM4",-1.94685933172808,0
"SST","STAT","rf","1050024080","LASSO","SEAS51c",-2.80072528156349,0
"SST","STAT","rf","1050024310","PCR","CanSIPSIC4",0.132452151584162,1
"SST","STAT","rf","1050024310","PCR","CCSM4",0.067605275357726,0
"SST","STAT","rf","1050024310","PCR","SEAS51c",-0.134962828315959,0
"SST","STAT","rf","1050024310","PCR","CFSv2",-0.192201624221297,0
"SST","STAT","rf","1050024310","PCR","METEOFRANCE9",-0.338400025316783,0
"SST","STAT","rf","1050024310","PCR","SEAS51b",-0.455241480188974,0
"SST","STAT","rf","1050024310","PCR","SEAS51",-0.46845174329363,0
"SST","STAT","rf","1050024310","RIDGE","CCSM4",-0.239337525392491,1
"SST","STAT","rf","1050024310","RIDGE","SEAS51c",-0.290111189712738,0
"SST","STAT","rf","1050024310","RIDGE","CFSv2",-0.324182944176613,0
"SST","STAT","rf","1050024310","RIDGE","METEOFRANCE9",-0.469485111421126,0
"SST","STAT","rf","1050024310","RIDGE","CanSIPSIC4",-0.524326903520671,0
"SST","STAT","rf","1050024310","RIDGE","SEAS51",-0.570030319921925,0
"SST","STAT","rf","1050024310","RIDGE","SEAS51b",-0.575244126389627,0
"SST","STAT","rf","1050024310","LASSO","CCSM4",-0.247339847431032,1
"SST","STAT","rf","1050024310","LASSO","SEAS51c",-0.283678404518292,0
"SST","STAT","rf","1050024310","LASSO","CFSv2",-0.298139080010799,0
"SST","STAT","rf","1050024310","LASSO","METEOFRANCE9",-0.464320156720958,0
"SST","STAT","rf","1050024310","LASSO","CanSIPSIC4",-0.515979866114407,0
"SST","STAT","rf","1050024310","LASSO","SEAS51",-0.570889424604863,0
"SST","STAT","rf","1050024310","LASSO","SEAS51b",-0.57317064616311,0
"SST","STAT","rf","1050024320","PCR","CCSM4",0.551355548959159,1
"SST","STAT","rf","1050024320","PCR","METEOFRANCE9",0.145450330753765,0
"SST","STAT","rf","1050024320","PCR","SEAS51b",0.0971400279221207,0
"SST","STAT","rf","1050024320","PCR","SEAS51",-0.00708675852050011,0
"SST","STAT","rf","1050024320","PCR","CanSIPSIC4",-0.0139861873913896,0
"SST","STAT","rf","1050024320","PCR","CFSv2",-0.180489847256662,0
"SST","STAT","rf","1050024320","PCR","SEAS51c",-0.437806132636654,0
"SST","STAT","rf","1050024320","RIDGE","METEOFRANCE9",-0.129002586409082,1
"SST","STAT","rf","1050024320","RIDGE","CanSIPSIC4",-0.145240489978458,0
"SST","STAT","rf","1050024320","RIDGE","SEAS51b",-0.28696048953958,0
"SST","STAT","rf","1050024320","RIDGE","SEAS51",-0.367860624096093,0
"SST","STAT","rf","1050024320","RIDGE","CFSv2",-1.22699386874865,0
"SST","STAT","rf","1050024320","RIDGE","SEAS51c",-2.71331432325235,0
"SST","STAT","rf","1050024320","RIDGE","CCSM4",-3.71321351862666,0
"SST","STAT","rf","1050024320","LASSO","METEOFRANCE9",-0.126986862298524,1
"SST","STAT","rf","1050024320","LASSO","CanSIPSIC4",-0.169197292958391,0
"SST","STAT","rf","1050024320","LASSO","SEAS51b",-0.287630979204336,0
"SST","STAT","rf","1050024320","LASSO","SEAS51",-0.36203804061042,0
"SST","STAT","rf","1050024320","LASSO","CFSv2",-0.842689768979351,0
"SST","STAT","rf","1050024320","LASSO","SEAS51c",-0.898000766017497,0
"SST","STAT","rf","1050024320","LASSO","CCSM4",-3.91868469929881,0
"SST","STAT","rf","1050024870","PCR","CCSM4",0.401659068947311,1
"SST","STAT","rf","1050024870","PCR","METEOFRANCE9",0.0178505689878433,0
"SST","STAT","rf","1050024870","PCR","CFSv2",-0.0294890839730735,0
"SST","STAT","rf","1050024870","PCR","SEAS51",-0.168056180012675,0
"SST","STAT","rf","1050024870","PCR","SEAS51b",-0.191139263326026,0
"SST","STAT","rf","1050024870","PCR","CanSIPSIC4",-0.295895853612137,0
"SST","STAT","rf","1050024870","PCR","SEAS51c",-0.510172071820752,0
"SST","STAT","rf","1050024870","RIDGE","SEAS51",-0.0202260289588214,1
"SST","STAT","rf","1050024870","RIDGE","SEAS51b",-0.0386791479408783,0
"SST","STAT","rf","1050024870","RIDGE","CFSv2",-0.0533919432453094,0
"SST","STAT","rf","1050024870","RIDGE","CCSM4",-0.092291701055812,0
"SST","STAT","rf","1050024870","RIDGE","METEOFRANCE9",-0.111909872339307,0
"SST","STAT","rf","1050024870","RIDGE","CanSIPSIC4",-0.599262022770483,0
"SST","STAT","rf","1050024870","RIDGE","SEAS51c",-7.59370690129746,0
"SST","STAT","rf","1050024870","LASSO","CCSM4",0.0515113038491125,1
"SST","STAT","rf","1050024870","LASSO","CFSv2",0.00817434018650143,0
"SST","STAT","rf","1050024870","LASSO","SEAS51",-0.00994733712608697,0
"SST","STAT","rf","1050024870","LASSO","SEAS51b",-0.0297913205882252,0
"SST","STAT","rf","1050024870","LASSO","METEOFRANCE9",-0.1090289031738,0
"SST","STAT","rf","1050024870","LASSO","CanSIPSIC4",-0.588604518914621,0
"SST","STAT","rf","1050024870","LASSO","SEAS51c",-7.11545162407307,0
"SST","STAT","rf","1050870170","PCR","CCSM4",0.433081659502277,1
"SST","STAT","rf","1050870170","PCR","CFSv2",0.260870112863494,0
"SST","STAT","rf","1050870170","PCR","CanSIPSIC4",0.190796814589797,0
"SST","STAT","rf","1050870170","PCR","SEAS51c",0.123857834567524,0
"SST","STAT","rf","1050870170","PCR","METEOFRANCE9",-0.00341560764307824,0
"SST","STAT","rf","1050870170","PCR","SEAS51b",-0.519926360870435,0
"SST","STAT","rf","1050870170","PCR","SEAS51",-0.542361120810138,0
"SST","STAT","rf","1050870170","RIDGE","CCSM4",0.491768146085826,1
"SST","STAT","rf","1050870170","RIDGE","CFSv2",0.454416257050144,0
"SST","STAT","rf","1050870170","RIDGE","CanSIPSIC4",0.204873978383303,0
"SST","STAT","rf","1050870170","RIDGE","METEOFRANCE9",-0.165645453027434,0
"SST","STAT","rf","1050870170","RIDGE","SEAS51",-0.364241835044379,0
"SST","STAT","rf","1050870170","RIDGE","SEAS51b",-0.549206901258372,0
"SST","STAT","rf","1050870170","RIDGE","SEAS51c",-6.68336528554855,0
"SST","STAT","rf","1050870170","LASSO","CCSM4",0.512319977262773,1
"SST","STAT","rf","1050870170","LASSO","CFSv2",0.450208963134303,0
"SST","STAT","rf","1050870170","LASSO","CanSIPSIC4",0.211837686153267,0
"SST","STAT","rf","1050870170","LASSO","SEAS51",-0.118827774966736,0
"SST","STAT","rf","1050870170","LASSO","SEAS51b",-0.135119734397921,0
"SST","STAT","rf","1050870170","LASSO","METEOFRANCE9",-0.160255578196487,0
"SST","STAT","rf","1050870170","LASSO","SEAS51c",-5.64588766428666,0
"SST","STAT","rf","1050873640","PCR","SEAS51",0.191470075784893,1
"SST","STAT","rf","1050873640","PCR","SEAS51b",0.0955556967360092,0
"SST","STAT","rf","1050873640","PCR","CCSM4",-0.172732045522205,0
"SST","STAT","rf","1050873640","PCR","CFSv2",-0.266393634224943,0
"SST","STAT","rf","1050873640","PCR","SEAS51c",-0.406109105543577,0
"SST","STAT","rf","1050873640","PCR","METEOFRANCE9",-0.604269848468213,0
"SST","STAT","rf","1050873640","PCR","CanSIPSIC4",-0.619039546107086,0
"SST","STAT","rf","1050873640","RIDGE","CCSM4",0.251024683099285,1
"SST","STAT","rf","1050873640","RIDGE","SEAS51b",0.0316963050624123,0
"SST","STAT","rf","1050873640","RIDGE","SEAS51",-0.0535676454298919,0
"SST","STAT","rf","1050873640","RIDGE","CanSIPSIC4",-0.45033665244799,0
"SST","STAT","rf","1050873640","RIDGE","METEOFRANCE9",-0.572986116636181,0
"SST","STAT","rf","1050873640","RIDGE","CFSv2",-1.05016383468678,0
"SST","STAT","rf","1050873640","RIDGE","SEAS51c",-7.4393569961915,0
"SST","STAT","rf","1050873640","LASSO","CCSM4",0.264327667068665,1
"SST","STAT","rf","1050873640","LASSO","SEAS51b",0.036503824937531,0
"SST","STAT","rf","1050873640","LASSO","SEAS51",-0.0518512239461764,0
"SST","STAT","rf","1050873640","LASSO","CanSIPSIC4",-0.44622424416306,0
"SST","STAT","rf","1050873640","LASSO","METEOFRANCE9",-0.51728901614281,0
"SST","STAT","rf","1050873640","LASSO","CFSv2",-1.04531825141693,0
"SST","STAT","rf","1050873640","LASSO","SEAS51c",-6.75590537765905,0
"SST","STAT","rf","1050874640","PCR","CCSM4",0.60644016417474,1
"SST","STAT","rf","1050874640","PCR","CFSv2",0.0984189943533458,0
"SST","STAT","rf","1050874640","PCR","METEOFRANCE9",0.0813085762341569,0
"SST","STAT","rf","1050874640","PCR","CanSIPSIC4",0.0204566498400752,0
"SST","STAT","rf","1050874640","PCR","SEAS51",-0.00398369555746259,0
"SST","STAT","rf","1050874640","PCR","SEAS51b",-0.0194905403992747,0
"SST","STAT","rf","1050874640","PCR","SEAS51c",-0.306007333815525,0
"SST","STAT","rf","1050874640","RIDGE","CCSM4",0.730899481419915,1
"SST","STAT","rf","1050874640","RIDGE","METEOFRANCE9",0.0551608102787987,0
"SST","STAT","rf","1050874640","RIDGE","CanSIPSIC4",-0.438207612673861,0
"SST","STAT","rf","1050874640","RIDGE","CFSv2",-0.671694698280935,0
"SST","STAT","rf","1050874640","RIDGE","SEAS51b",-0.849766039766881,0
"SST","STAT","rf","1050874640","RIDGE","SEAS51",-0.936375891747172,0
"SST","STAT","rf","1050874640","RIDGE","SEAS51c",-4.89436301566897,0
"SST","STAT","rf","1050874640","LASSO","CCSM4",0.760762245086883,1
"SST","STAT","rf","1050874640","LASSO","METEOFRANCE9",0.0613171794359432,0
"SST","STAT","rf","1050874640","LASSO","CanSIPSIC4",-0.434138738116657,0
"SST","STAT","rf","1050874640","LASSO","CFSv2",-0.662437286703997,0
"SST","STAT","rf","1050874640","LASSO","SEAS51b",-0.851607808863435,0
"SST","STAT","rf","1050874640","LASSO","SEAS51",-0.935191401004467,0
"SST","STAT","rf","1050874640","LASSO","SEAS51c",-4.73916075952437,0
"SST","STAT","rf","1050887720","PCR","CanSIPSIC4",-0.52959636803323,1
"SST","STAT","rf","1050887720","PCR","METEOFRANCE9",-0.594150953659967,0
"SST","STAT","rf","1050887720","PCR","CCSM4",-0.949888359584618,0
"SST","STAT","rf","1050887720","PCR","SEAS51",-1.02736246277917,0
"SST","STAT","rf","1050887720","PCR","SEAS51b",-1.08989570568637,0
"SST","STAT","rf","1050887720","PCR","SEAS51c",-1.28957007735161,0
"SST","STAT","rf","1050887720","PCR","CFSv2",-1.54251037144634,0
"SST","STAT","rf","1050887720","RIDGE","SEAS51b",-0.652071866943853,1
"SST","STAT","rf","1050887720","RIDGE","CanSIPSIC4",-0.673806119899452,0
"SST","STAT","rf","1050887720","RIDGE","SEAS51",-0.826616703069902,0
"SST","STAT","rf","1050887720","RIDGE","CCSM4",-1.28331619336995,0
"SST","STAT","rf","1050887720","RIDGE","CFSv2",-1.40618092367048,0
"SST","STAT","rf","1050887720","RIDGE","METEOFRANCE9",-1.56531200513897,0
"SST","STAT","rf","1050887720","RIDGE","SEAS51c",-3.45033552350328,0
"SST","STAT","rf","1050887720","LASSO","SEAS51c",0.242869713889243,1
"SST","STAT","rf","1050887720","LASSO","SEAS51b",-0.630938928132681,0
"SST","STAT","rf","1050887720","LASSO","CanSIPSIC4",-0.673255849231756,0
"SST","STAT","rf","1050887720","LASSO","CFSv2",-0.743387737625588,0
"SST","STAT","rf","1050887720","LASSO","SEAS51",-0.811615571201337,0
"SST","STAT","rf","1050887720","LASSO","CCSM4",-1.11576003791882,0
"SST","STAT","rf","1050887720","LASSO","METEOFRANCE9",-1.15811257026939,0
"SST","STAT","rf","1050888070","PCR","CCSM4",0.789821665175261,1
"SST","STAT","rf","1050888070","PCR","CFSv2",0.774967182731897,0
"SST","STAT","rf","1050888070","PCR","SEAS51c",0.183053276598189,0
"SST","STAT","rf","1050888070","PCR","METEOFRANCE9",-0.145974470184855,0
"SST","STAT","rf","1050888070","PCR","SEAS51",-0.360758140855293,0
"SST","STAT","rf","1050888070","PCR","CanSIPSIC4",-0.3709261874332,0
"SST","STAT","rf","1050888070","PCR","SEAS51b",-0.514298436415689,0
"SST","STAT","rf","1050888070","RIDGE","CFSv2",0.639826000578482,1
"SST","STAT","rf","1050888070","RIDGE","CCSM4",0.634732231025604,0
"SST","STAT","rf","1050888070","RIDGE","SEAS51",-0.0779819167397293,0
"SST","STAT","rf","1050888070","RIDGE","CanSIPSIC4",-0.28164564028837,0
"SST","STAT","rf","1050888070","RIDGE","SEAS51b",-0.441038867156814,0
"SST","STAT","rf","1050888070","RIDGE","METEOFRANCE9",-0.520393029882886,0
"SST","STAT","rf","1050888070","RIDGE","SEAS51c",-12.4917682635033,0
"SST","STAT","rf","1050888070","LASSO","CCSM4",0.670631532798001,1
"SST","STAT","rf","1050888070","LASSO","CFSv2",0.626660669590998,0
"SST","STAT","rf","1050888070","LASSO","SEAS51",-0.0680001020458592,0
"SST","STAT","rf","1050888070","LASSO","CanSIPSIC4",-0.27783985325653,0
"SST","STAT","rf","1050888070","LASSO","SEAS51b",-0.434764896871709,0
"SST","STAT","rf","1050888070","LASSO","METEOFRANCE9",-0.513461163614365,0
"SST","STAT","rf","1050888070","LASSO","SEAS51c",-9.66859042441463,0
"SST","STAT","rf","1050892990","PCR","CFSv2",0.375759630927871,1
"SST","STAT","rf","1050892990","PCR","CCSM4",0.327967272407725,0
"SST","STAT","rf","1050892990","PCR","CanSIPSIC4",0.143526183124248,0
"SST","STAT","rf","1050892990","PCR","SEAS51c",-0.161497753969151,0
"SST","STAT","rf","1050892990","PCR","METEOFRANCE9",-0.282184413152692,0
"SST","STAT","rf","1050892990","PCR","SEAS51b",-0.369753065763443,0
"SST","STAT","rf","1050892990","PCR","SEAS51",-0.408008723671961,0
"SST","STAT","rf","1050892990","RIDGE","CFSv2",0.352779729703902,1
"SST","STAT","rf","1050892990","RIDGE","CCSM4",0.239171769426108,0
"SST","STAT","rf","1050892990","RIDGE","CanSIPSIC4",-0.0167756118437885,0
"SST","STAT","rf","1050892990","RIDGE","METEOFRANCE9",-0.0979670491547306,0
"SST","STAT","rf","1050892990","RIDGE","SEAS51",-0.504583781244102,0
"SST","STAT","rf","1050892990","RIDGE","SEAS51b",-0.549854960204349,0
"SST","STAT","rf","1050892990","RIDGE","SEAS51c",-7.50449502724197,0
"SST","STAT","rf","1050892990","LASSO","CFSv2",0.330959466980874,1
"SST","STAT","rf","1050892990","LASSO","CCSM4",0.269797100931255,0
"SST","STAT","rf","1050892990","LASSO","CanSIPSIC4",0.000835900272453172,0
"SST","STAT","rf","1050892990","LASSO","METEOFRANCE9",-0.0888444076892103,0
"SST","STAT","rf","1050892990","LASSO","SEAS51",-0.332935305888747,0
"SST","STAT","rf","1050892990","LASSO","SEAS51b",-0.548340944585212,0
"SST","STAT","rf","1050892990","LASSO","SEAS51c",-6.69324699354072,0
"SST","STAT","rf","1050893000","PCR","SEAS51c",-0.0812142508996825,1
"SST","STAT","rf","1050893000","PCR","METEOFRANCE9",-0.687343326503955,0
"SST","STAT","rf","1050893000","PCR","SEAS51b",-0.757475479893193,0
"SST","STAT","rf","1050893000","PCR","SEAS51",-0.792116360728305,0
"SST","STAT","rf","1050893000","PCR","CCSM4",-0.932634322881722,0
"SST","STAT","rf","1050893000","PCR","CanSIPSIC4",-0.960519843210744,0
"SST","STAT","rf","1050893000","PCR","CFSv2",-1.1269840070839,0
"SST","STAT","rf","1050893000","RIDGE","CCSM4",-0.654582999477979,1
"SST","STAT","rf","1050893000","RIDGE","SEAS51",-1.03466975949335,0
"SST","STAT","rf","1050893000","RIDGE","SEAS51b",-1.06462710145426,0
"SST","STAT","rf","1050893000","RIDGE","SEAS51c",-1.29271752795852,0
"SST","STAT","rf","1050893000","RIDGE","CanSIPSIC4",-1.60254416389153,0
"SST","STAT","rf","1050893000","RIDGE","CFSv2",-1.67301661015297,0
"SST","STAT","rf","1050893000","RIDGE","METEOFRANCE9",-1.82671182119083,0
"SST","STAT","rf","1050893000","LASSO","CCSM4",-0.693372337644305,1
"SST","STAT","rf","1050893000","LASSO","SEAS51c",-0.880188068336788,0
"SST","STAT","rf","1050893000","LASSO","SEAS51b",-0.984616678739769,0
"SST","STAT","rf","1050893000","LASSO","CFSv2",-0.984822024019314,0
"SST","STAT","rf","1050893000","LASSO","SEAS51",-0.992885721384427,0
"SST","STAT","rf","1050893000","LASSO","METEOFRANCE9",-1.05676627368011,0
"SST","STAT","rf","1050893000","LASSO","CanSIPSIC4",-1.16418704719764,0
"SST","STAT","rf","1050908780","PCR","CCSM4",0.819422615526927,1
"SST","STAT","rf","1050908780","PCR","CFSv2",0.507226366533488,0
"SST","STAT","rf","1050908780","PCR","METEOFRANCE9",-0.0750240888263058,0
"SST","STAT","rf","1050908780","PCR","CanSIPSIC4",-0.101685832759104,0
"SST","STAT","rf","1050908780","PCR","SEAS51c",-0.105244413233669,0
"SST","STAT","rf","1050908780","PCR","SEAS51",-0.168527486314797,0
"SST","STAT","rf","1050908780","PCR","SEAS51b",-0.262785083936335,0
"SST","STAT","rf","1050908780","RIDGE","CCSM4",0.796929485338288,1
"SST","STAT","rf","1050908780","RIDGE","CFSv2",0.0620843527987431,0
"SST","STAT","rf","1050908780","RIDGE","METEOFRANCE9",-0.112515353666384,0
"SST","STAT","rf","1050908780","RIDGE","CanSIPSIC4",-0.482553148721003,0
"SST","STAT","rf","1050908780","RIDGE","SEAS51b",-0.576752622765911,0
"SST","STAT","rf","1050908780","RIDGE","SEAS51",-0.648857408105154,0
"SST","STAT","rf","1050908780","RIDGE","SEAS51c",-6.97212977021228,0
"SST","STAT","rf","1050908780","LASSO","CCSM4",0.836392693204347,1
"SST","STAT","rf","1050908780","LASSO","CFSv2",0.0657980303247891,0
"SST","STAT","rf","1050908780","LASSO","METEOFRANCE9",-0.108273190703428,0
"SST","STAT","rf","1050908780","LASSO","CanSIPSIC4",-0.470858308286193,0
"SST","STAT","rf","1050908780","LASSO","SEAS51b",-0.503590696604991,0
"SST","STAT","rf","1050908780","LASSO","SEAS51",-0.644369544035539,0
"SST","STAT","rf","1050908780","LASSO","SEAS51c",-6.26034957802977,0
"SST","STAT","rf","1050909040","PCR","SEAS51c",0.532667907673179,1
"SST","STAT","rf","1050909040","PCR","CFSv2",0.159734366958389,0
"SST","STAT","rf","1050909040","PCR","CCSM4",-0.221870727181988,0
"SST","STAT","rf","1050909040","PCR","SEAS51",-0.289225842409603,0
"SST","STAT","rf","1050909040","PCR","SEAS51b",-0.310735436412284,0
"SST","STAT","rf","1050909040","PCR","METEOFRANCE9",-0.320921593449662,0
"SST","STAT","rf","1050909040","PCR","CanSIPSIC4",-0.664496939031921,0
"SST","STAT","rf","1050909040","RIDGE","CanSIPSIC4",-0.287963348539924,1
"SST","STAT","rf","1050909040","RIDGE","SEAS51",-0.304804621689178,0
"SST","STAT","rf","1050909040","RIDGE","SEAS51b",-0.345322820641294,0
"SST","STAT","rf","1050909040","RIDGE","CFSv2",-0.422430603336501,0
"SST","STAT","rf","1050909040","RIDGE","METEOFRANCE9",-0.532490683428582,0
"SST","STAT","rf","1050909040","RIDGE","CCSM4",-0.626398004991579,0
"SST","STAT","rf","1050909040","RIDGE","SEAS51c",-3.8629948729193,0
"SST","STAT","rf","1050909040","LASSO","CanSIPSIC4",-0.284202162053921,1
"SST","STAT","rf","1050909040","LASSO","SEAS51",-0.305239543911123,0
"SST","STAT","rf","1050909040","LASSO","SEAS51b",-0.34395657509858,0
"SST","STAT","rf","1050909040","LASSO","CFSv2",-0.35141104404631,0
"SST","STAT","rf","1050909040","LASSO","METEOFRANCE9",-0.514534051472834,0
"SST","STAT","rf","1050909040","LASSO","CCSM4",-0.59428819342651,0
"SST","STAT","rf","1050909040","LASSO","SEAS51c",-3.76192554713514,0
"SST","STAT","rf","1050909890","PCR","CFSv2",0.679102003896782,1
"SST","STAT","rf","1050909890","PCR","CCSM4",0.347343586820296,0
"SST","STAT","rf","1050909890","PCR","SEAS51",0.178841089674644,0
"SST","STAT","rf","1050909890","PCR","SEAS51b",0.100390165547202,0
"SST","STAT","rf","1050909890","PCR","SEAS51c",0.00485320965614222,0
"SST","STAT","rf","1050909890","PCR","METEOFRANCE9",-0.0641970143632884,0
"SST","STAT","rf","1050909890","PCR","CanSIPSIC4",-0.411931521232872,0
"SST","STAT","rf","1050909890","RIDGE","CCSM4",0.315484256795932,1
"SST","STAT","rf","1050909890","RIDGE","CFSv2",0.208658155409369,0
"SST","STAT","rf","1050909890","RIDGE","SEAS51",0.103748100327505,0
"SST","STAT","rf","1050909890","RIDGE","SEAS51b",0.0858643848362735,0
"SST","STAT","rf","1050909890","RIDGE","METEOFRANCE9",-0.112937755560308,0
"SST","STAT","rf","1050909890","RIDGE","CanSIPSIC4",-0.155137576286978,0
"SST","STAT","rf","1050909890","RIDGE","SEAS51c",-174.725087180412,0
"SST","STAT","rf","1050909890","LASSO","CCSM4",0.321289144043939,1
"SST","STAT","rf","1050909890","LASSO","CFSv2",0.231556876338924,0
"SST","STAT","rf","1050909890","LASSO","SEAS51",0.111005899814463,0
"SST","STAT","rf","1050909890","LASSO","SEAS51b",0.091664492896211,0
"SST","STAT","rf","1050909890","LASSO","METEOFRANCE9",-0.0951636265812752,0
"SST","STAT","rf","1050909890","LASSO","CanSIPSIC4",-0.145976515377278,0
"SST","STAT","rf","1050909890","LASSO","SEAS51c",-49.183528563379,0
"SST","STAT","rf","1050909900","PCR","CFSv2",0.727861847248876,1
"SST","STAT","rf","1050909900","PCR","CCSM4",0.467520082179538,0
"SST","STAT","rf","1050909900","PCR","SEAS51c",0.159703203843243,0
"SST","STAT","rf","1050909900","PCR","SEAS51",0.01841014590531,0
"SST","STAT","rf","1050909900","PCR","METEOFRANCE9",-0.162614103298447,0
"SST","STAT","rf","1050909900","PCR","SEAS51b",-0.233250836550215,0
"SST","STAT","rf","1050909900","PCR","CanSIPSIC4",-0.470454631868815,0
"SST","STAT","rf","1050909900","RIDGE","CFSv2",0.426129825587452,1
"SST","STAT","rf","1050909900","RIDGE","CCSM4",0.235308040842475,0
"SST","STAT","rf","1050909900","RIDGE","SEAS51",0.0158079899322414,0
"SST","STAT","rf","1050909900","RIDGE","SEAS51b",-0.036223712771398,0
"SST","STAT","rf","1050909900","RIDGE","CanSIPSIC4",-0.270526103072582,0
"SST","STAT","rf","1050909900","RIDGE","METEOFRANCE9",-0.287054861953851,0
"SST","STAT","rf","1050909900","RIDGE","SEAS51c",-7.50687695195651,0
"SST","STAT","rf","1050909900","LASSO","CFSv2",0.43860499992515,1
"SST","STAT","rf","1050909900","LASSO","CCSM4",0.24151506066476,0
"SST","STAT","rf","1050909900","LASSO","SEAS51",0.0232112633986332,0
"SST","STAT","rf","1050909900","LASSO","SEAS51b",-0.0285064805590913,0
"SST","STAT","rf","1050909900","LASSO","CanSIPSIC4",-0.260378636656092,0
"SST","STAT","rf","1050909900","LASSO","METEOFRANCE9",-0.282830795712874,0
"SST","STAT","rf","1050909900","LASSO","SEAS51c",-6.49431094956376,0
"SST","STAT","rf","1050915980","PCR","SEAS51",0.343253802668514,1
"SST","STAT","rf","1050915980","PCR","SEAS51b",0.265923409133638,0
"SST","STAT","rf","1050915980","PCR","CCSM4",0.150271076618873,0
"SST","STAT","rf","1050915980","PCR","SEAS51c",-0.0104315333226634,0
"SST","STAT","rf","1050915980","PCR","METEOFRANCE9",-0.100685535626638,0
"SST","STAT","rf","1050915980","PCR","CFSv2",-0.149269442570632,0
"SST","STAT","rf","1050915980","PCR","CanSIPSIC4",-0.207751298816388,0
"SST","STAT","rf","1050915980","RIDGE","SEAS51b",0.196686895387858,1
"SST","STAT","rf","1050915980","RIDGE","SEAS51",0.131483326767989,0
"SST","STAT","rf","1050915980","RIDGE","CCSM4",-0.0174018501977431,0
"SST","STAT","rf","1050915980","RIDGE","CanSIPSIC4",-0.0652141317219106,0
"SST","STAT","rf","1050915980","RIDGE","METEOFRANCE9",-0.144144581420518,0
"SST","STAT","rf","1050915980","RIDGE","CFSv2",-0.85417652108816,0
"SST","STAT","rf","1050915980","RIDGE","SEAS51c",-31.2263754469417,0
"SST","STAT","rf","1050915980","LASSO","CCSM4",0.256747827566226,1
"SST","STAT","rf","1050915980","LASSO","SEAS51b",0.203224230624924,0
"SST","STAT","rf","1050915980","LASSO","SEAS51",0.137014221799076,0
"SST","STAT","rf","1050915980","LASSO","CanSIPSIC4",-0.0598301701782082,0
"SST","STAT","rf","1050915980","LASSO","METEOFRANCE9",-0.135665564153212,0
"SST","STAT","rf","1050915980","LASSO","CFSv2",-0.850558921092658,0
"SST","STAT","rf","1050915980","LASSO","SEAS51c",-7.66894596512837,0
"SST","STAT","rf","1050915990","PCR","SEAS51",0.475075148077948,1
"SST","STAT","rf","1050915990","PCR","SEAS51b",0.388339598508771,0
"SST","STAT","rf","1050915990","PCR","METEOFRANCE9",0.139864393462473,0
"SST","STAT","rf","1050915990","PCR","CanSIPSIC4",0.102260898923149,0
"SST","STAT","rf","1050915990","PCR","CCSM4",0.0366155965734447,0
"SST","STAT","rf","1050915990","PCR","CFSv2",-0.105989514835484,0
"SST","STAT","rf","1050915990","PCR","SEAS51c",-0.579480550617438,0
"SST","STAT","rf","1050915990","RIDGE","CanSIPSIC4",0.322804878161205,1
"SST","STAT","rf","1050915990","RIDGE","SEAS51b",0.1616824612028,0
"SST","STAT","rf","1050915990","RIDGE","SEAS51",0.0363845104843137,0
"SST","STAT","rf","1050915990","RIDGE","METEOFRANCE9",0.0168397617790262,0
"SST","STAT","rf","1050915990","RIDGE","CFSv2",-0.286541614636756,0
"SST","STAT","rf","1050915990","RIDGE","CCSM4",-2.80765284540283,0
"SST","STAT","rf","1050915990","RIDGE","SEAS51c",-11.5293613214945,0
"SST","STAT","rf","1050915990","LASSO","CanSIPSIC4",0.39141980331714,1
"SST","STAT","rf","1050915990","LASSO","SEAS51b",0.167435036948283,0
"SST","STAT","rf","1050915990","LASSO","SEAS51",0.0401046766788481,0
"SST","STAT","rf","1050915990","LASSO","METEOFRANCE9",0.0182673669175706,0
"SST","STAT","rf","1050915990","LASSO","CFSv2",-0.21074962413901,0
"SST","STAT","rf","1050915990","LASSO","CCSM4",-1.4218056451701,0
"SST","STAT","rf","1050915990","LASSO","SEAS51c",-10.5036252236649,0
