"YYYY","Q","pred","HYBAS_ID","p_below","p_normal","p_above","class_hat","entropy"
19930101,15.8169743589744,14.8596499102565,"1040022430",9.71018886272109e-27,2.42766695635055e-10,0.999999999757233,"above",5.64599031576428e-09
19940101,4.33482051282051,4.52849157692306,"1040022430",0.877687437786456,0.122312550170867,1.20426766336834e-08,"below",0.371507633728066
19950101,6.5464358974359,6.02860641025641,"1040022430",0.291024339325836,0.708920311312648,5.53493615153e-05,"normal",0.60364514999868
19960101,10.0271025641026,9.63643303846156,"1040022430",1.48865855460647e-06,0.398925903550862,0.601072607790583,"above",0.672594459302069
19970101,16.0283333333333,13.4378058717949,"1040022430",9.79952737463023e-20,2.12020651169098e-06,0.999997879793488,"above",2.98186045364993e-05
19980101,2.83607692307692,3.19638658974362,"1040022430",0.996378381537372,0.0036216184620117,6.16173778666962e-13,"below",0.0239715696419835
19990101,9.42130769230769,9.45241579487185,"1040022430",4.05732303261806e-06,0.481697869009546,0.518298073667421,"above",0.692528857337565
20000101,2.44092307692308,3.6270260128205,"1040022430",0.985862108072333,0.0141378919084113,1.92559301837036e-11,"below",0.0742492995007572
20010101,4.60530769230769,4.75484950000001,"1040022430",0.817237459974507,0.182762488466383,5.15591094263357e-08,"below",0.475557536556968
20020101,11.2808717948718,10.484963871795,"1040022430",8.41237624842435e-09,0.110178241820306,0.889821749767317,"above",0.346887996082567
20030101,6.01628205128205,6.82556561538468,"1040022430",0.0720173486626218,0.926420948208745,0.00156170312863346,"normal",0.270361572497672
20040101,8.40394871794872,8.28809856410263,"1040022430",0.000868422650979544,0.899624155878876,0.0995074214701442,"normal",0.330897664682749
20050101,7.96051282051282,7.36859242307701,"1040022430",0.018701203343203,0.971524729928401,0.00977406672839565,"normal",0.147715766724727
20060101,5.60453846153846,6.07339991025638,"1040022430",0.273729602600181,0.726202218265528,6.81791342914684e-05,"normal",0.587633639907279
20070101,10.0651282051282,9.08208901282056,"1040022430",2.68358953485944e-05,0.646968134269864,0.353005029834787,"normal",0.649584668762106
20080101,7.19302564102564,7.21151137179493,"1040022430",0.028593596253347,0.965444254536829,0.00596214920982419,"normal",0.166129769433418
20090101,22.006358974359,19.4858012435895,"1040022430",2.11166361206693e-57,0,1,"above",5.72619979883083e-11
20100101,16.8886666666667,16.4842876153844,"1040022430",3.9186511733939e-36,3.33066907387547e-16,1,"above",5.72621090106108e-11
20110101,8.00789743589744,8.508659948718,"1040022430",0.000357340141797024,0.848693116871372,0.150949542986831,"normal",0.427487572632066
20120101,9.99264102564103,12.0435983589744,"1040022430",5.74247588872933e-14,0.00132207155984809,0.998677928440095,"above",0.0100846218556258
20130101,4.84735897435897,4.76600169230768,"1040022430",0.813842611140056,0.186157333564041,5.52959033006672e-08,"below",0.480603803908501
20140101,6.90297435897436,6.84320273076927,"1040022430",0.0692925689255403,0.929040625505653,0.00166680556880661,"normal",0.264013104080989
20150101,7.52282051282051,8.33569075641028,"1040022430",0.000720611808736153,0.889928727444287,0.109350660746977,"normal",0.351006371499956
20160101,4.75910256410256,4.54687791025641,"1040022430",0.873376312410092,0.126623674004334,1.35855736660417e-08,"below",0.379917935514893
20170101,9.38510256410256,9.34963726923078,"1040022430",6.97295821469739e-06,0.52851026308259,0.471482763959195,"normal",0.691605151725433
20180101,4.16828205128205,4.62702488461537,"1040022430",0.853354270145416,0.146645706992323,2.28622618614338e-08,"below",0.416846752376465
20190101,6.40105128205128,6.20031430769232,"1040022430",0.227660684820595,0.772217888553553,0.000121426625852128,"normal",0.537619089362247
20200101,6.14948717948718,6.10608076923075,"1040022430",0.261440721675092,0.738480023460448,7.92548644601432e-05,"normal",0.575362102225293
20210101,4.92830769230769,4.61683523076923,"1040022430",0.856011553793738,0.143988424798198,2.14080642102488e-08,"below",0.412138485157388
20220101,8.50197435897436,9.11966851282053,"1040022430",2.23278779034441e-05,0.630895442375584,0.369082229746513,"normal",0.65871658858485
20230101,5.52764102564103,4.77254053846153,"1040022430",0.81183405905028,0.188165883342328,5.76073925229181e-08,"below",0.483553526556082
20240101,7.12284615384615,6.99244124358978,"1040022430",0.0493093679168071,0.947841584448511,0.00284904763468175,"normal",0.215874998579452
20250101,7.15793589743589,7.08781851282055,"1040022430",0.0391567218524451,0.956886046454952,0.00395723169260298,"normal",0.190938085024623
20260101,7.15793589743589,7.58371841025646,"1040022430",0.00997922165818503,0.971672580929625,0.0183481974121901,"normal",0.147259327627385
19930101,1107.78218518519,1094.87032714815,"1040023300",0.167438532825473,0.830952906196887,0.00160856097764062,"normal",0.463460509727786
19940101,1041.01988888889,1070.90887835186,"1040023300",0.303155655936583,0.696501430800306,0.000342913263110645,"normal",0.61646916410776
19950101,1129.01188888889,1120.15021944445,"1040023300",0.0752123647815564,0.918078982376466,0.00670865284197741,"normal",0.306649861673904
19960101,1199.29433333333,1225.87574375928,"1040023300",0.000314116013551494,0.688116142930821,0.311569741055628,"normal",0.623081242505682
19970101,1235.28203703704,1181.49310312963,"1040023300",0.00483405205834451,0.902256592013065,0.0929093559285908,"normal",0.339343100367684
19980101,1038.13362962963,1088.78841742592,"1040023300",0.197558675186645,0.801335214611013,0.00110611020234208,"normal",0.505390430649064
19990101,1063.62196296296,1059.32360592591,"1040023300",0.382752190669759,0.617096044500722,0.000151764829519618,"normal",0.666808413693886
20000101,1339.61981481481,1313.08380720369,"1040023300",2.17196748688393e-07,0.126580602861096,0.873419179942155,"above",0.379838012711263
20010101,1231.4322962963,1210.14515612965,"1040023300",0.000890952687788136,0.783224038373883,0.215885008938329,"normal",0.528581316462466
20020101,1041.64107407407,1083.91845694445,"1040023300",0.223890352244095,0.77529722429026,0.000812423465644474,"normal",0.538174805231393
20030101,1023.36707407407,1084.68620375927,"1040023300",0.21961142997708,0.779535206579249,0.000853363443670374,"normal",0.533087158615067
20040101,1257.707,1254.46226170371,"1040023300",3.83026752706487e-05,0.482314275967708,0.517647421357021,"above",0.692924101512802
20050101,1216.24218518519,1165.85458805556,"1040023300",0.0108825092925278,0.936079572693189,0.0530379180142829,"normal",0.266787005990904
20060101,1139.87885185185,1107.48964874073,"1040023300",0.114914706510246,0.881718402521353,0.00336689096840115,"normal",0.378788694047967
20070101,1048.70174074074,1047.01835037035,"1040023300",0.473018629935133,0.526920562018271,6.08080465959171e-05,"normal",0.692302647598044
20080101,1173.05988888889,1180.50635429629,"1040023300",0.00509977863387172,0.905027604450676,0.0898726169154527,"normal",0.333767698226049
20090101,1477.48611111111,1422.69842148147,"1040023300",5.92114163332864e-13,0.000695123453028468,0.999304876546379,"above",0.00574941716935768
20100101,1522.20088888889,1473.65231127778,"1040023300",3.75359721944861e-16,1.65191274059673e-05,0.999983480872594,"above",0.000198410992895428
20110101,1466.09981481481,1452.16777633333,"1040023300",9.3404792355344e-15,8.8817734636315e-05,0.999911182265354,"above",0.000917387734094631
20120101,1172.64066666667,1178.27431962963,"1040023300",0.00574936628347319,0.910973970363566,0.0832766633529611,"normal",0.321590526282845
20130101,1096.54733333333,1111.24842344444,"1040023300",0.101823325098964,0.894022788377386,0.00415388652364956,"normal",0.355547756788902
20140101,916.838962962963,985.757424962962,"1040023300",0.859979370068317,0.140020329214436,3.00717246881632e-07,"below",0.405005158021361
20150101,900.023555555556,928.885115740751,"1040023300",0.984059644581213,0.015940354722919,6.9586802986521e-10,"below",0.0817881978511563
20160101,949.307222222222,982.359466388885,"1040023300",0.873666986564898,0.126332797592775,2.15842326789506e-07,"below",0.379359069362773
20170101,1119.04603703704,1069.11124924074,"1040023300",0.315023089513818,0.684673857737232,0.000303052748950261,"normal",0.625704462159803
20180101,920.427888888889,932.505722314814,"1040023300",0.981148082060895,0.0188519168807603,1.05834485619738e-09,"below",0.0935367291165739
20190101,988.899962962963,970.074144907407,"1040023300",0.915294807050769,0.0847051299697281,6.2979502502003e-08,"below",0.29011425289155
20200101,1134.83033333333,1241.51649905557,"1040023300",0.000102732421958288,0.57850321897967,0.421394048598371,"normal",0.681727920438711
20210101,1117.73681481481,988.261148148147,"1040023300",0.849270986457505,0.150728630551659,3.82990836489405e-07,"below",0.423976871134811
20220101,1394.71837037037,1273.87403751851,"1040023300",7.8540148379632e-06,0.341633066422901,0.658359079562261,"above",0.642209634639137
20230101,1493.2612962963,1430.15136361111,"1040023300",2.13286021779184e-13,0.000424473943770098,0.999575526056017,"above",0.00372027969526369
20240101,1584.84796296296,1464.50602533334,"1040023300",1.5037969324217e-15,3.44487243332248e-05,0.999965551275665,"above",0.000388444580248631
20250101,1537.477,1469.18974111112,"1040023300",7.41484908591788e-16,2.37269784575389e-05,0.999976273021542,"above",0.000276392894907975
20260101,1134.83033333333,1108.49262164813,"1040023300",0.111309759918929,0.885127658985534,0.00356258109553731,"normal",0.372463229009684
19930101,19.3786,17.5771056,"1040023310",0.000118742612479116,0.5434511307146,0.456430126672921,"normal",0.690465299103213
19940101,14.0433,14.9490327833332,"1040023310",0.00454488966378279,0.87569039366749,0.119764716668728,"normal",0.394923312940122
19950101,15.9837,16.5136798333334,"1040023310",0.000589840967417152,0.705182220124455,0.294227938908128,"normal",0.610663939316261
19960101,28.1161333333333,26.0862121166664,"1040023310",5.04661421528751e-13,0.000412293578586964,0.999587706420908,"above",0.00362553194386589
19970101,36.2666,30.5854949333331,"1040023310",1.69123876379563e-19,1.16633376956443e-07,0.999999883366623,"above",1.97862409775309e-06
19980101,4.36723333333333,6.32154365,"1040023310",0.814133210597208,0.185865341347979,1.44805481328003e-06,"below",0.480192434712475
19990101,17.4784,17.8069011166666,"1040023310",8.20614919440804e-05,0.506363652456875,0.493554286051181,"normal",0.693862347019385
20000101,25.4276666666667,23.7389158333332,"1040023310",3.27765334267812e-10,0.00838660839801408,0.991613391274221,"above",0.0484487230126966
20010101,13.5596,13.6042983,"1040023310",0.0195642745690817,0.937900082917318,0.0425356425136008,"normal",0.271399939102423
20020101,7.8974,8.41551093333326,"1040023310",0.517265401407664,0.482670034162356,6.45644299809289e-05,"below",0.693191320184231
20030101,8.58316666666667,8.48012159999991,"1040023310",0.506808039655208,0.493120161743651,7.17986011410376e-05,"below",0.693760597736227
20040101,7.4616,8.20886806666656,"1040023310",0.550596128669584,0.449358102038164,4.57692922528619e-05,"below",0.688484951401892
20050101,17.8219333333333,16.4734681499999,"1040023310",0.000624547150786783,0.710747311577774,0.288628141271439,"normal",0.605938555862803
20060101,12.7559333333333,12.8343347333333,"1040023310",0.0400328520200415,0.939017436914201,0.0209497110657579,"normal",0.268895886924756
20070101,7.44073333333333,7.80773354999988,"1040023310",0.614087188156238,0.385889785921715,2.30259220463935e-05,"below",0.66713167593997
20080101,17.8755333333333,18.1829110166666,"1040023310",4.40386310626188e-05,0.445683062737237,0.5542728986317,"above",0.687694640411287
20090101,17.8549666666667,17.1135140166664,"1040023310",0.000244035008725211,0.616752828627841,0.383003136363434,"normal",0.667671261962791
20100101,9.2615,7.97166829999988,"1040023310",0.588406096444114,0.411563320903915,3.05826519705343e-05,"below",0.677754765097779
20110101,9.48756666666667,10.0120097666666,"1040023310",0.272680563004784,0.726583307654408,0.000736129340807468,"normal",0.5917186935271
20120101,8.50183333333333,8.18479421666669,"1040023310",0.554460557649561,0.445495490427591,4.39519228473406e-05,"below",0.687652850559079
20130101,11.2461666666667,10.9464904333333,"1040023310",0.162550199361909,0.83490093212451,0.00254886851358049,"normal",0.461189544255042
20140101,15.7246666666667,15.82238385,"1040023310",0.00152253427570123,0.792845497255775,0.205631968468524,"normal",0.519159385937321
20150101,13.5990333333333,13.30204785,"1040023310",0.0261807750289998,0.941276695300977,0.0325425296700237,"normal",0.263798720765114
20160101,8.12883333333333,8.21215098333324,"1040023310",0.550068761583359,0.449885215861845,4.60225547960214e-05,"below",0.688593868203606
20170101,5.369,6.5760463166666,"1040023310",0.785215214306984,0.214782401760998,2.38393201812404e-06,"below",0.520257116208151
20180101,4.93823333333333,5.4527975833333,"1040023310",0.893591004952728,0.106408750671463,2.44375809588249e-07,"below",0.338944394288076
20190101,2.30763333333333,3.94621751666667,"1040023310",0.968370980341389,0.0316290112638787,8.39473235370036e-09,"below",0.140360119207774
20200101,10.8690666666667,10.8827921666666,"1040023310",0.168987090900306,0.828661001887305,0.00235190721238909,"normal",0.470424675715261
20210101,11.2441666666667,13.5277546333334,"1040023310",0.0210888042722041,0.939115277123689,0.0397959186041074,"normal",0.268676092996046
20220101,28.8481333333333,25.5776288166664,"1040023310",2.21407511026815e-12,0.000850601676244622,0.999149398321541,"above",0.0068636250777512
20230101,38.3941,27.4879251499998,"1040023310",6.90070110954409e-15,4.5510179896846e-05,0.999954489820096,"above",0.000500500587999025
20240101,19.2284,15.7161684999999,"1040023310",0.00174994023176986,0.804671414721662,0.193578645046568,"normal",0.503851094041464
20250101,13.1577666666666,15.4868081833333,"1040023310",0.00234974597228655,0.828588934066831,0.169061319960883,"normal",0.470530003888645
20260101,13.1577666666666,13.4974768666667,"1040023310",0.0217190021277896,0.939528430636377,0.0387525672358333,"normal",0.267747019702894
19930101,259.5925,248.856922749999,"1040023890",0.525769032489824,0.469065534085004,0.00516543342517173,"below",0.720301942766866
19940101,286.1948125,313.588940578125,"1040023890",0.251838851739477,0.714625852934395,0.0335352953261272,"normal",0.701246307634918
19950101,578.338,560.644706484371,"1040023890",0.000262541432486715,0.166332522356779,0.833404936210734,"above",0.452402441356392
19960101,997.38371875,836.011246171863,"1040023890",2.23998815722229e-11,2.18162704954672e-05,0.999978183707105,"above",0.000255967461463482
19970101,464.86353125,469.939715562497,"1040023890",0.00734319932571777,0.516536707909555,0.476120092764727,"normal",0.730634753081591
19980101,214.73478125,226.251851078126,"1040023890",0.625793448829899,0.371810210122348,0.00239634104775288,"below",0.675648827413811
19990101,476.637625,487.075139812496,"1040023890",0.00421741779925155,0.442391210210592,0.553391371990156,"above",0.711296000786899
20000101,436.48721875,426.566403046874,"1040023890",0.02566906673438,0.683607516587342,0.290723416678278,"normal",0.713191597721463
20010101,537.57753125,506.288142750002,"1040023890",0.00217352203453975,0.360283269022558,0.637543208942902,"above",0.668106598714608
20020101,327.24296875,395.294067812503,"1040023890",0.0554281135611358,0.761987135339293,0.182584751099571,"normal",0.677955587831645
20030101,349.96528125,355.417451390628,"1040023890",0.126604023868192,0.786056694021497,0.0873392821103109,"normal",0.663805196265666
20040101,118.032,133.774549968751,"1040023890",0.914408604849256,0.08553660310416,5.47920465840956e-05,"below",0.292675178903676
20050101,269.275375,275.418764140625,"1040023890",0.406606829121949,0.581594817197286,0.0117983536807653,"normal",0.733504744274464
20060101,539.520875,480.587734468747,"1040023890",0.00522377871370207,0.470560085791117,0.524216135495181,"above",0.720737220846958
20070101,146.3413125,165.127136890624,"1040023890",0.844521953881406,0.155256618227636,0.000221427890957582,"below",0.433767332570543
20080101,403.7410625,377.927732687497,"1040023890",0.0811147736803986,0.783720212269658,0.135165014049943,"normal",0.665246711907534
20090101,425.54275,411.858449625001,"1040023890",0.037373372414355,0.726217099286051,0.236409528299594,"normal",0.696107471023567
20100101,392.49,363.142273812499,"1040023890",0.109328536606375,0.788594977639089,0.102076485754537,"normal",0.662222663925499
20110101,252.88578125,238.113280343749,"1040023890",0.573916303755924,0.422470949327273,0.00361274691680369,"below",0.703010581871747
20120101,343.9266875,348.576574109373,"1040023890",0.143417316068361,0.780914028345346,0.0756686555862927,"normal",0.666958744710679
20130101,127.03228125,131.41218684375,"1040023890",0.918518688728147,0.0814322304527826,4.90808190708458e-05,"below",0.28278540803016
20140101,599.12971875,568.770553984376,"1040023890",0.000185652453748687,0.144439795426844,0.855374552119407,"above",0.414693583134057
20150101,189.426375,191.309343328126,"1040023890",0.763188968059146,0.23616223925626,0.000648792684594279,"below",0.551851825880438
20160101,154.39990625,193.191106921875,"1040023890",0.756559945341238,0.242741371858437,0.000698682800325479,"below",0.559800243654393
20170101,162.16353125,152.998918515626,"1040023890",0.875055530533969,0.12481362176374,0.000130847702290882,"below",0.377690692256453
20180101,352.75975,356.241102312501,"1040023890",0.124676328744143,0.786493182434186,0.0888304888216706,"normal",0.663534284857794
20190101,224.88684375,289.996117859375,"1040023890",0.344051810293887,0.638017034467445,0.0179311552386681,"normal",0.725914263716844
20200101,422.54140625,451.500560249998,"1040023890",0.0128364916911716,0.593118666273031,0.394044842035797,"normal",0.732701045003976
20210101,560.45375,500.063109906248,"1040023890",0.0027071599371065,0.386503922494336,0.610788917568557,"above",0.684541380005835
20220101,834.17521875,651.344954656243,"1040023890",3.4756939005039e-06,0.0230039808782366,0.976992543427863,"above",0.109557460185374
20230101,1269.9568125,836.011246171863,"1040023890",2.23998815722229e-11,2.18162704954672e-05,0.999978183707105,"above",0.000255967461463482
20240101,470.99296875,438.679645140624,"1040023890",0.0184950141091182,0.642082933181989,0.339422052708893,"normal",0.725016064102786
20250101,372.624875,360.891697078126,"1040023890",0.114176947918739,0.788215547955465,0.0976075041257966,"normal",0.662460318060951
20260101,372.624875,284.160780265625,"1040023890",0.368691457378321,0.616099148011329,0.0152093946103495,"normal",0.729948672398365
19930101,52.6447931034483,83.4936091599724,"1040786690",0.575589246039596,0.394289797540724,0.0301209564196795,"below",0.790386058091704
19940101,333.563275862069,248.450736150066,"1040786690",0.0364799806482928,0.421833104550058,0.541686914801649,"above",0.816978691571214
19950101,94.9296896551724,84.0299170754386,"1040786690",0.573061092476065,0.396374978672128,0.0305639288518071,"below",0.792467438674051
19960101,57.2365862068966,83.0718779229951,"1040786690",0.577575108948237,0.392648520595283,0.0297763704564796,"below",0.788739740259502
19970101,82.8212068965517,83.5015547377414,"1040786690",0.575551813033612,0.394320706819204,0.0301274801471846,"below",0.790416994313405
19980101,47.4274482758621,114.910312140439,"1040786690",0.42575919165344,0.507590847592646,0.0666499607539137,"normal",0.888242971179443
19990101,192.439862068966,162.889420966864,"1040786690",0.222386684081068,0.599932381495356,0.177680934423576,"normal",0.947841758842946
20000101,128.836448275862,363.374241291611,"1040786690",0.0007489200594274,0.0677974399441794,0.931453639996393,"above",0.25398990856651
20010101,183.639206896552,137.178960675789,"1040786690",0.324563752304822,0.566727062446686,0.108709185248492,"normal",0.928288719159968
20020101,77.3593448275862,99.4653535829688,"1040786690",0.499422726985777,0.454770748973961,0.0458065240402614,"below",0.84632896140314
20030101,322.515586206897,250.004323777176,"1040786690",0.0350113464845221,0.41589679247862,0.549091861036858,"above",0.811409564757795
20040101,98.2900689655172,94.3942213529323,"1040786690",0.523737500723691,0.436024669603585,0.0402378296727238,"below",0.82994204705221
20050101,49.2778965517241,91.7321025133371,"1040786690",0.536472106719248,0.425985520552499,0.0375423727282532,"below",0.820822499881699
20060101,139.013620689655,109.329337572402,"1040786690",0.452215023286472,0.489382855392672,0.0584021213208559,"normal",0.874480235877427
20070101,190.099965517241,192.909138080927,"1040786690",0.130260253521031,0.583102261104017,0.286637485374952,"normal",0.93818441075191
20080101,688.849827586207,520.243579978249,"1040786690",2.07936500480998e-07,0.000371361765377332,0.999628430298122,"above",0.00330783918557701
20090101,73.5775517241379,125.32499181543,"1040786690",0.377359200324274,0.538225757075443,0.0844150426002837,"normal",0.909851714063774
20100101,200.392896551724,259.137291454237,"1040786690",0.0273284958225961,0.38047595403183,0.592195550145574,"above",0.776306146456368
20110101,235.174965517241,390.780382425129,"1040786690",0.000228581536290812,0.0344351699018373,0.965336248561872,"above",0.151973198942789
20120101,578.953517241379,565.59438820272,"1040786690",1.02982915538746e-08,4.45373321145137e-05,0.999955452369594,"above",0.000490963708716586
20130101,222.585620689655,261.809179517721,"1040786690",0.0253669353886939,0.370011702595144,0.604621362016162,"above",0.765296195723954
20140101,127.098103448276,151.152155699112,"1040786690",0.266638897046869,0.590010536854401,0.143350566098729,"normal",0.942210675030881
20150101,102.509896551724,138.848549449784,"1040786690",0.317374824384475,0.570126053993494,0.112499121622031,"normal",0.930383897024943
20160101,827.525103448276,554.94651026867,"1040786690",2.14028625471952e-08,7.51596299115587e-05,0.999924818967226,"above",0.00078926422776781
20170101,200.322931034483,196.213305978547,"1040786690",0.122030499826831,0.577656448353061,0.300313051820108,"normal",0.934948744605008
20180101,236.655448275862,264.760052334815,"1040786690",0.0233390204151685,0.358439411269689,0.618221568315142,"above",0.752764565270178
20190101,399.339379310345,342.935460248077,"1040786690",0.00169855700495947,0.105619630399847,0.892681812595193,"above",0.349598657703198
20200101,270.844172413793,298.058075397742,"1040786690",0.00843250300046584,0.233143812854356,0.758423684145178,"above",0.58946552235484
20210101,156.658,137.422372320272,"1040786690",0.323511506034476,0.567232559569096,0.109255934396429,"normal",0.928601688939039
20220101,554.224965517241,557.027971902496,"1040786690",1.85742206579182e-08,6.79347496522764e-05,0.999932046676127,"above",0.000720248934317588
20230101,220.509724137931,190.641113378338,"1040786690",0.136126821321798,0.586448500309522,0.27742467836868,"normal",0.940145548672461
20240101,240.775620689655,269.47526785683,"1040786690",0.0203824635296437,0.339970141322421,0.639647395147935,"above",0.731962389626075
20250101,191.269913793104,261.971849492959,"1040786690",0.0252514215351699,0.369373993968778,0.605374584496052,"above",0.764615442889566
20260101,191.269913793104,191.446450400246,"1040786690",0.134023334009939,0.585297298296959,0.280679367693102,"normal",0.939473175587057
19930101,211.616,220.384892516667,"1040873640",0.991836094503562,0.00816390536655187,1.29886434940829e-10,"below",0.0473828160733867
19940101,365.032206896552,385.521049648276,"1040873640",0.427804881731532,0.57210222247526,9.28957932082586e-05,"normal",0.68358985743312
19950101,531.848482758621,530.184437544253,"1040873640",0.00723960302268804,0.922574415558275,0.0701859814190373,"normal",0.296482403536764
19960101,625.492,649.155632168966,"1040873640",8.29692250931866e-06,0.349430635798132,0.650561067279359,"above",0.647195268468457
19970101,523.519448275862,533.484252668966,"1040873640",0.00626644853731745,0.916334071756442,0.0773994797062404,"normal",0.309898740055367
19980101,222.650551724138,255.60890250977,"1040873640",0.967875134978479,0.0321248610579419,3.96357935361635e-09,"below",0.14205261208835
19990101,662.511103448276,694.962965824138,"1040873640",2.54320017301851e-07,0.134911784369763,0.86508796131022,"above",0.395622349759877
20000101,533.685379310345,662.49586045345,"1040873640",3.16444070862104e-06,0.275739235270416,0.724257600288875,"above",0.588926239320024
20010101,276.039862068966,267.978414398851,"1040873640",0.951233018215702,0.0487669695129628,1.22713355033e-08,"below",0.194868765481063
20020101,440.86024137931,447.524299120115,"1040873640",0.124665796853926,0.872510515755433,0.00282368739064076,"normal",0.395136707276928
20030101,830.176379310345,711.377958976434,"1040873640",6.46523276204997e-08,0.0868718876099374,0.913128047737735,"above",0.295241269199172
20040101,289.53124137931,259.377316998276,"1040873640",0.963392496585385,0.0366074978003872,5.61422797140665e-09,"below",0.157008605621053
20050101,621.239931034483,599.736594064368,"1040873640",0.000205236442932879,0.650157395761563,0.349637367795504,"normal",0.649081506622523
20060101,428.101586206897,470.250866918966,"1040873640",0.0658387327518386,0.926229433274663,0.00793183397349806,"normal",0.288462647059907
20070101,289.256931034483,313.765159081609,"1040873640",0.826549760555206,0.173449653035378,5.86409415914702e-07,"below",0.461323021533118
20080101,794.797379310345,716.502557864944,"1040873640",4.16108623332789e-08,0.0748709287832573,0.92512902960588,"above",0.266060822338516
20090101,503.898931034483,536.309228932185,"1040873640",0.00552728883368515,0.910461815558858,0.0840108956074571,"normal",0.322214430607263
20100101,589.821,530.219865244253,"1040873640",0.00722848443860197,0.922510933881009,0.0702605816803893,"normal",0.296620626435275
20110101,475.462517241379,445.561654064368,"1040873640",0.13108651197167,0.866344766613383,0.0025687214149468,"normal",0.405971645408541
20120101,657.111103448276,676.210324516667,"1040873640",1.12454009935942e-06,0.208942417683292,0.791056457776609,"above",0.512568342882318
20130101,279.471482758621,262.531076847127,"1040873640",0.959258823463909,0.0407411690423205,7.4937704930278e-09,"below",0.170292659426918
20140101,178.187586206897,205.457978628736,"1040873640",0.995793486644847,0.00420651332725441,2.78983502965957e-11,"below",0.0272119983101826
20150101,172.971655172414,212.357418941379,"1040873640",0.994249400719462,0.00575059922336263,5.71758196343808e-11,"below",0.0353982197080665
20160101,1003.44989655172,853.410384144244,"1040873640",3.14610039627371e-14,0.000170293850054404,0.999829706149914,"above",0.00164808686842486
20170101,481.821793103448,563.680024184484,"1040873640",0.00149302288851798,0.827548929343004,0.170958047768478,"normal",0.468328859954131
20180101,400.462413793103,417.374837844827,"1040873640",0.248156746045669,0.75124404266017,0.000599211294160962,"normal",0.56517519464762
20190101,415.828793103448,367.051521575862,"1040873640",0.542597850821507,0.457373847082929,2.83020955640367e-05,"below",0.68981618307114
20200101,571.095724137931,694.097238764368,"1040873640",2.72885305702615e-07,0.137873055644433,0.862126671470261,"above",0.401087953954591
20210101,534.870137931034,562.559445357472,"1040873640",0.00158045651884339,0.831876630450304,0.166542913030853,"normal",0.461847030605226
20220101,927.420724137931,799.604341702295,"1040873640",1.36834603882386e-11,0.00306702663515579,0.996932973351161,"above",0.0208113452458887
20230101,684.221275862069,683.449080490231,"1040873640",6.39801711786543e-07,0.177914650038885,0.822084710159403,"above",0.468226235018251
20240101,668.147206896552,563.92909946207,"1040873640",0.00147419826872956,0.826576304620467,0.171949497110803,"normal",0.469769937215945
20250101,513.709189655173,577.972367514368,"1040873640",0.000704582684729041,0.765618044633946,0.233677372681325,"normal",0.549312241021669
20260101,513.709189655173,571.238839766667,"1040873640",0.00100949504137811,0.796323382224614,0.202667122734008,"normal",0.511821711451116
19930101,113.935586206897,106.047590258621,"1040873650",0.200229955528534,0.799770044367751,1.03714481447525e-10,"normal",0.500721046854468
19940101,84.9212413793103,75.0960854482769,"1040873650",0.777669136273397,0.222330863726602,8.88178419700125e-16,"below",0.529842266998933
19950101,59.1345517241379,54.4119779999996,"1040873650",0.966896730090572,0.0331032699094284,0,"below",0.145369231283537
19960101,176.632655172414,177.308128586206,"1040873650",2.86151426785391e-06,0.996092030010933,0.00390510847479897,"normal",0.025592509523561
19970101,208.255482758621,200.962927362071,"1040873650",4.12890790782047e-09,0.924132220067111,0.0758677758039811,"normal",0.268559256658541
19980101,72.7002413793103,83.9397222758615,"1040873650",0.620088757050269,0.379911242949699,3.14193115968919e-14,"below",0.664020659016497
19990101,390.527448275862,385.616683862072,"1040873650",2.08987214695735e-53,2.22044604925031e-16,1,"above",5.72619979883083e-11
20000101,183.731482758621,188.569320172414,"1040873650",1.52462665583309e-07,0.981060293243257,0.0189395542940778,"normal",0.0938853941521552
20010101,62.0975172413793,72.9755905344831,"1040873650",0.809026301350527,0.190973698649472,3.33066907387547e-16,"below",0.48763176144466
20020101,31.4233793103448,51.5829522586201,"1040873650",0.97635736131847,0.0236426386815303,0,"below",0.111895593699497
20030101,291.901206896552,318.46476489655,"1040873650",9.92605134216055e-33,1.57937869005309e-06,0.99999842062131,"above",2.26775031734318e-05
20040101,86.44,86.0758181896555,"1040873650",0.57727846260347,0.422721537396458,7.26085858104852e-14,"below",0.681155246330026
20050101,341.771172413793,355.958603793104,"1040873650",1.25348073963649e-43,1.99231742215034e-11,0.999999999980077,"above",5.39444113875177e-10
20060101,100.018827586207,103.959546448275,"1040873650",0.231927394523539,0.768072605425483,5.0977555510201e-11,"normal",0.541594767592573
20070101,134.763103448276,132.133748017242,"1040873650",0.0141310716510931,0.985868645991327,2.82357579761694e-07,"normal",0.0742248839956237
20080101,407.909137931034,393.651501706896,"1040873650",3.12618355784616e-56,0,1,"above",5.72619979883083e-11
20090101,112.148103448276,110.965948568965,"1040873650",0.136568666484504,0.863431332987377,5.28119326048682e-10,"normal",0.398685397207734
20100101,238.413379310345,228.005246948275,"1040873650",3.87447199240637e-13,0.512370546533049,0.487629453466563,"normal",0.69284108851276
20110101,124.948448275862,119.356932724137,"1040873650",0.0628818986838069,0.937118093987011,7.32918259416238e-09,"normal",0.234824761453972
20120101,235.385862068966,234.896818465519,"1040873650",2.67828662700203e-14,0.372067084030947,0.627932915969026,"above",0.660046659352361
20130101,63.0283793103448,69.7480615000001,"1040873650",0.851223083395471,0.148776916604529,1.11022302462516e-16,"below",0.420581646494964
20140101,52.8681379310345,53.6297616896551,"1040873650",0.969781257789577,0.0302187422104231,0,"below",0.13550171751542
20150101,16.2342068965517,40.6058590517242,"1040873650",0.994660148810446,0.00533985118955416,0,"below",0.0332666471242539
20160101,430.094655172414,391.886583206899,"1040873650",1.32437298224785e-55,0,1,"above",5.72619979883083e-11
20170101,202.167,193.627593086205,"1040873650",3.66885697978312e-08,0.965148664494168,0.034851298817262,"normal",0.151221605656828
20180101,134.533379310345,129.759757965518,"1040873650",0.0192021574874396,0.98079769455044,1.47962120888856e-07,"normal",0.0949200711488941
20190101,167.258068965517,179.436040775862,"1040873650",1.68622967541751e-06,0.994609268494619,0.00538904527570516,"normal",0.0335476596531249
20200101,131.617,170.833895241379,"1040873650",1.33093735051856e-05,0.998618598012571,0.00136809261392412,"normal",0.0105515370930263
20210101,187.572896551724,139.008587534483,"1040873650",0.00538371372668542,0.994614597221817,1.68905149777743e-06,"normal",0.0335198745682137
20220101,338.942827586207,345.887863206897,"1040873650",1.5340012330077e-40,5.92060622750523e-10,0.999999999407939,"above",1.32004477622727e-08
20230101,191.199896551724,181.903493206897,"1040873650",8.99933575790676e-07,0.992278244834553,0.00772085523187094,"normal",0.0452573216879255
20240101,319.33524137931,283.473448982759,"1040873650",4.97634939335303e-24,0.00221661714234123,0.997783382857659,"above",0.015761619581865
20250101,151.010586206897,179.254157448275,"1040873650",1.76501151510594e-06,0.994753243527442,0.00524499146104274,"normal",0.0327950813412393
20260101,151.010586206897,191.555791965517,"1040873650",6.62856267714719e-08,0.972651856075641,0.0273480776387319,"normal",0.125400536111105
19930101,666.6374,685.301603766667,"1040915980",0.93782083210963,0.0621791678903697,0,"below",0.23292194950578
19940101,719.059533333333,729.954728999994,"1040915980",0.681389515874916,0.318610484125083,1.22124532708767e-15,"below",0.625817639828876
19950101,883.019466666667,883.640844249997,"1040915980",0.000700585772444484,0.999288831527182,1.05827003739067e-05,"normal",0.00592092445790606
19960101,1022.3378,1003.34354549999,"1040915980",7.25247485449811e-10,0.918772791868612,0.08122720740614,"normal",0.28175647022928
19970101,1066.96406666667,1066.94601908333,"1040915980",1.91067701484762e-14,0.452124197744518,0.547875802255463,"above",0.688555964971294
19980101,629.302333333333,631.709883483335,"1040915980",0.997561901419618,0.00243809858038224,0,"below",0.0171040338927746
19990101,870.910966666667,874.971233249993,"1040915980",0.00140585672288757,0.998590026733354,4.11654375886972e-06,"normal",0.0106924394607145
20000101,858.345166666667,945.646069549996,"1040915980",1.48076696310353e-06,0.997222847518263,0.00277567171477422,"normal",0.0191331666151908
20010101,773.572333333333,815.484152749994,"1040915980",0.058368991568641,0.941631006355397,2.0759618468702e-09,"normal",0.222456002602184
20020101,741.775433333333,718.213344400007,"1040915980",0.773873580600798,0.226126419399202,1.11022302462516e-16,"below",0.534553320282014
20030101,1067.50773333333,1034.11475804998,"1040915980",5.85341940691238e-12,0.746287938697829,0.253712061296318,"normal",0.566376636069634
20040101,787.350566666667,775.046866316673,"1040915980",0.272911573420441,0.727088426575671,3.88822307684222e-12,"normal",0.58613330030711
20050101,1329.38486666667,1288.37460143334,"1040915980",4.36509904502041e-38,3.29126011999747e-08,0.999999967087399,"above",6.00005939819147e-07
20060101,693.839533333333,708.763895033329,"1040915980",0.835732691981879,0.164267308018121,0,"below",0.446678785032118
20070101,621.157933333333,667.675765016662,"1040915980",0.974836710488124,0.0251632895118759,0,"below",0.117504524572593
20080101,1396.02243333333,1310.52726965,"1040915980",4.10529306097538e-41,1.50883383565059e-09,0.999999998491166,"above",3.21847903532216e-08
20090101,1046.7196,1064.88859063333,"1040915980",2.78407424596974e-14,0.471611782614559,0.528388217385413,"above",0.691534531749907
20100101,1133.11803333333,1095.02794466666,"1040915980",8.84427788221528e-17,0.214718064960303,0.785281935039696,"above",0.520141030187657
20110101,893.9039,908.014368216668,"1040915980",7.97440346404619e-05,0.999799372541988,0.000120883423371798,"normal",0.00204357810857264
20120101,1165.05066666667,1131.13795305,"1040915980",4.5939405378632e-20,0.0493164487733507,0.950683551226649,"above",0.196497628778463
20130101,664.009266666667,657.198774666667,"1040915980",0.986346243582234,0.0136537564177661,0,"below",0.0721858050306234
20140101,447.203166666667,481.319418066672,"1040915980",0.999999999923566,7.64344143533435e-11,0,"below",1.88557372121467e-09
20150101,431.058966666667,522.095843316675,"1040915980",0.999999971793231,2.82067692536359e-08,0,"below",5.18573523048358e-07
20160101,1207.0607,1225.15120268334,"1040915980",4.12275296868658e-30,4.92838631670489e-05,0.999950716136833,"above",0.000538075786395535
20170101,885.9104,897.084090900008,"1040915980",0.000219809029699242,0.999737992007093,4.21989632078956e-05,"normal",0.00253844549152589
20180101,898.076633333333,878.959673100004,"1040915980",0.00102550100023663,0.998968110563891,6.38843587241755e-06,"normal",0.00816585559765142
20190101,801.066866666667,766.215029533329,"1040915980",0.347027550536647,0.652972449462479,8.73745520379998e-13,"normal",0.645587132167891
20200101,924.1578,879.883995666659,"1040915980",0.000952056311651684,0.999040879074358,7.06461399069269e-06,"normal",0.00766579763770555
20210101,890.215566666667,894.312644316663,"1040915980",0.000281361928078334,0.999686652907243,3.19851646790603e-05,"normal",0.0029447302590089
20220101,1155.77406666667,1206.64537318334,"1040915980",5.8077316820193e-28,0.000277547700569092,0.999722452299431,"above",0.00255049102833373
20230101,971.3139,912.561559149995,"1040915980",5.13171059149809e-05,0.999764914467631,0.000183768426454289,"normal",0.00232268743944057
20240101,1153.35606666667,1056.51465841666,"1040915980",1.25747018902274e-13,0.551135702472909,0.448864297526965,"normal",0.68790830543834
20250101,888.062983333333,937.546420066659,"1040915980",3.7275679496372e-06,0.998489610816053,0.00150666161599755,"normal",0.0113459162859913
20260101,888.062983333333,877.582102583332,"1040915980",0.00114464268993103,0.998849863176887,5.49413318251535e-06,"normal",0.00896829807795712
19930101,275.592931034483,235.834653747699,"1040915990",8.90588859977822e-05,0.625071840477464,0.374839100636538,"normal",0.662358790994448
19940101,182.050344827586,166.909281158456,"1040915990",0.0941894854382193,0.902847627190831,0.00296288737094985,"normal",0.332038723877402
19950101,134.360068965517,148.276269835632,"1040915990",0.255359981516487,0.744314647684632,0.000325370798881286,"normal",0.570989702519287
19960101,204.975137931034,180.489590003283,"1040915990",0.0363490318326818,0.952123667369426,0.0115273007978918,"normal",0.218640345308763
19970101,339.614931034483,327.640143310345,"1040915990",1.38858703363779e-12,0.0017428026745494,0.998257197324062,"above",0.0128120201383442
19980101,178.326206896552,176.513178710344,"1040915990",0.0490261981008975,0.943060296444808,0.00791350545429492,"normal",0.241415497015603
19990101,92.2721724137931,116.109840032184,"1040915990",0.683544092538382,0.316453159169006,2.74829261204257e-06,"below",0.624203878814181
20000101,106.422689655172,110.019269626436,"1040915990",0.755721532246338,0.244277499098463,9.68655199273805e-07,"below",0.555974669890975
20010101,173.566827586207,162.009998278162,"1040915990",0.126630579082102,0.871645955791013,0.00172346512688515,"normal",0.392386553992713
20020101,50.3253448275862,111.948339842527,"1040915990",0.733856010544287,0.266142635181148,1.35427456493531e-06,"below",0.579403592766297
20030101,219.971517241379,213.487348879311,"1040915990",0.00154112448445993,0.864492641174707,0.133966234340833,"normal",0.405154647638773
20040101,200.509793103448,201.771022051723,"1040915990",0.00545023913541481,0.930467140053396,0.0640826208111888,"normal",0.271536816579734
20050101,563.050103448276,504.839335534481,"1040915990",2.47641732779959e-40,0,1,"above",5.72619979883083e-11
20060101,103.735,119.162480982759,"1040915990",0.644266339838114,0.355729101985186,4.55817669942071e-06,"below",0.650979832808594
20070101,162.855344827586,156.503959543104,"1040915990",0.171533570195416,0.827559493555963,0.000906936248620482,"normal",0.465398828981627
20080101,432.325586206897,415.438770275865,"1040915990",3.13699625440623e-24,8.70679417452891e-10,0.999999999129321,"above",1.90632044866894e-08
20090101,247.855586206897,220.503352491377,"1040915990",0.000670515196098204,0.804489766486507,0.194839718317395,"normal",0.498589687416039
20100101,210.705965517241,228.014487258618,"1040915990",0.000258139312914269,0.723848563157716,0.275893297529369,"normal",0.591340252155502
20110101,128.069310344828,138.955912034483,"1040915990",0.371174305593942,0.62873313567274,9.25587333185929e-05,"normal",0.660486977731619
20120101,463.763103448276,450.30127267241,"1040915990",5.34280011050757e-30,2.07167616395054e-13,0.999999999999793,"above",5.72619979883194e-11
20130101,212.160448275862,203.867546313216,"1040915990",0.00439813485229565,0.921706313696466,0.0738955514512387,"normal",0.291517764660378
20140101,109.942482758621,121.12469637931,"1040915990",0.618150758855038,0.3818429681635,6.27298146216315e-06,"below",0.665037545822166
20150101,82.6658275862069,116.88534548276,"1040915990",0.673738566710709,0.32625830474141,3.12854788131478e-06,"below",0.631538648492584
20160101,308.849413793103,306.19233625862,"1040915990",2.30938476265355e-10,0.0152211229111437,0.984778876857918,"above",0.0788061770876625
20170101,269.470517241379,257.349635758617,"1040915990",3.27853757240435e-06,0.329845327940563,0.670151393521864,"above",0.634112413214417
20180101,229.040275862069,236.653306758618,"1040915990",7.93383182154302e-05,0.61407697668643,0.385843684995354,"normal",0.667642313134839
20190101,269.676275862069,294.690564706895,"1040915990",2.8458886998293e-09,0.039346500576907,0.960653496577204,"above",0.165861760163562
20200101,166.548275862069,147.270947477011,"1040915990",0.266894304138393,0.732820184277325,0.00028551158428225,"normal",0.582672256862036
20210101,167.713586206897,159.692301813629,"1040915990",0.144422572566696,0.854256456005933,0.00132097142737098,"normal",0.422782355319052
20220101,93.4960344827586,145.765848227011,"1040915990",0.284641099122796,0.715124644438534,0.000234256438669256,"normal",0.59939733441026
20230101,52.3995517241379,119.22424548046,"1040915990",0.643453806285312,0.356541589167281,4.60454740702776e-06,"below",0.651461513581576
20240101,235.930379310345,295.81495739655,"1040915990",2.24218342447366e-09,0.0360879401311915,0.963912057626625,"above",0.155305634218973
20250101,191.280068965517,173.071314451723,"1040915990",0.0626520435555814,0.931715387220397,0.00563256922402167,"normal",0.26862652787438
20260101,191.280068965517,215.930482839077,"1040915990",0.00116090155295952,0.84535475513582,0.15348434331122,"normal",0.437518412008316
