HYBAS_ID,DATE,Q
205346,1981,299.58
203480,1981,14.68
208603,1981,27.92
201448,1981,1051.28
208110,1981,843.93
208216,1981,1812.57
213790,1981,1933.06
204761,1981,611.53
205368,1981,360.73
204230,1981,544.17
214295,1981,236.48
214193,1981,671.49
208084,1981,131.07
208621,1981,457.68
207841,1981,3069.97
208552,1981,1238.45
204582,1981,244.13
212592,1981,1896.13
205346,1982,508.72
203480,1982,9.8
208603,1982,6.98
201448,1982,1045.99
208110,1982,823.48
208216,1982,1588.25
213790,1982,1431.82
204761,1982,640.48
205368,1982,161.63
204230,1982,272.31
214295,1982,111.16
214193,1982,312.94
208084,1982,98.01
208621,1982,271.97
207841,1982,2111.91
208552,1982,979.43
204582,1982,174.66
212592,1982,1218.97
205346,1983,172.46
203480,1983,4.79
208603,1983,18.27
201448,1983,928.44
208110,1983,755.37
208216,1983,1422.6
213790,1983,1604.65
204761,1983,332.98
205368,1983,105.11
204230,1983,241.72
214295,1983,32.56
214193,1983,248.74
208084,1983,22.38
208621,1983,100.85
207841,1983,1288.46
208552,1983,517.71
204582,1983,146.57
212592,1983,737.73
205346,1984,252.08
203480,1984,52.59
208603,1984,13.79
201448,1984,986.77
208110,1984,584.6
208216,1984,1063.99
213790,1984,1141.2
204761,1984,479.27
205368,1984,176.37
204230,1984,346.52
214295,1984,79.4
214193,1984,134.74
208084,1984,102.28
208621,1984,83.58
207841,1984,1024.7
208552,1984,822.13
204582,1984,20.8
212592,1984,492.11
205346,1985,1330.37
203480,1985,21.63
208603,1985,66.13
201448,1985,1789.29
208110,1985,1162.67
208216,1985,1491.33
213790,1985,1445.05
204761,1985,991.71
205368,1985,226.29
204230,1985,707.62
214295,1985,270.48
214193,1985,579.39
208084,1985,137.41
208621,1985,250.7
207841,1985,2362.25
208552,1985,1084.14
204582,1985,269.74
212592,1985,1245.82
205346,1986,210.16
203480,1986,5.31
208603,1986,15.47
201448,1986,811.71
208110,1986,610.8
208216,1986,1900.28
213790,1986,1232.2
204761,1986,465.4
205368,1986,286.37
204230,1986,556.18
214295,1986,153.73
214193,1986,428.87
208084,1986,192.65
208621,1986,267.42
207841,1986,1859.76
208552,1986,691.04
204582,1986,151.86
212592,1986,1278.83
205346,1987,300.01
203480,1987,24.39
208603,1987,13.82
201448,1987,804.07
208110,1987,465.25
208216,1987,1115.28
213790,1987,1500.3
204761,1987,704.28
205368,1987,300.05
204230,1987,332.36
214295,1987,62.16
214193,1987,198.43
208084,1987,81.97
208621,1987,198.65
207841,1987,1719.7
208552,1987,655.99
204582,1987,87.62
212592,1987,1045.5
205346,1988,468.96
203480,1988,12.47
208603,1988,15.74
201448,1988,1155.68
208110,1988,772.68
208216,1988,1651.55
213790,1988,1633.27
204761,1988,824.43
205368,1988,427.76
204230,1988,750.13
214295,1988,370.93
214193,1988,786.02
208084,1988,357.81
208621,1988,411.59
207841,1988,3261.44
208552,1988,662.37
204582,1988,543.23
212592,1988,2258.26
205346,1989,958.52
203480,1989,26.48
208603,1989,55.76
201448,1989,1533.19
208110,1989,761.29
208216,1989,1175.96
213790,1989,1326.38
204761,1989,656.65
205368,1989,301.69
204230,1989,586.52
214295,1989,440.9
214193,1989,859.8
208084,1989,221.63
208621,1989,702.47
207841,1989,2034.33
208552,1989,1081.23
204582,1989,160.33
212592,1989,1309
205346,1990,179.22
203480,1990,8.27
208603,1990,30.97
201448,1990,918.37
208110,1990,521.02
208216,1990,649.63
213790,1990,1174.61
204761,1990,690.55
205368,1990,222.89
204230,1990,370.87
214295,1990,111.91
214193,1990,436.84
208084,1990,235.49
208621,1990,477.04
207841,1990,1481.44
208552,1990,941.75
204582,1990,270.16
212592,1990,609.83
205346,1991,307.72
203480,1991,11.56
208603,1991,52.1
201448,1991,1434.35
208110,1991,1070.33
208216,1991,1968.21
213790,1991,1191.89
204761,1991,875.36
205368,1991,187.84
204230,1991,673.24
214295,1991,179.63
214193,1991,745.64
208084,1991,301.33
208621,1991,503.53
207841,1991,1624.11
208552,1991,996.01
204582,1991,241.42
212592,1991,858.29
205346,1992,162.66
203480,1992,4.75
208603,1992,15.03
201448,1992,1113.13
208110,1992,968.57
208216,1992,1734.85
213790,1992,1480.55
204761,1992,975.25
205368,1992,309.31
204230,1992,897.75
214295,1992,153.53
214193,1992,435.99
208084,1992,150.03
208621,1992,375.36
207841,1992,1938.28
208552,1992,725.66
204582,1992,251.12
212592,1992,1043.07
205346,1993,206.54
203480,1993,10.68
208603,1993,5.27
201448,1993,923.95
208110,1993,762.98
208216,1993,1474.4
213790,1993,1189.62
204761,1993,692.39
205368,1993,372.36
204230,1993,564.01
214295,1993,121.42
214193,1993,386.52
208084,1993,156.6
208621,1993,236.23
207841,1993,1758.65
208552,1993,717.75
204582,1993,246.33
212592,1993,1091.89
205346,1994,239.52
203480,1994,5.23
208603,1994,88.83
201448,1994,1548.06
208110,1994,902.21
208216,1994,1530.66
213790,1994,2027.18
204761,1994,607.55
205368,1994,279.18
204230,1994,923.64
214295,1994,373.28
214193,1994,1083.96
208084,1994,615.98
208621,1994,571.9
207841,1994,2619.38
208552,1994,977.2
204582,1994,713.45
212592,1994,1142.13
205346,1995,331.56
203480,1995,4.55
208603,1995,22.77
201448,1995,948.91
208110,1995,611.18
208216,1995,1002.47
213790,1995,1533.1
204761,1995,1139.74
205368,1995,170.33
204230,1995,803.54
214295,1995,311.51
214193,1995,1002.69
208084,1995,409.65
208621,1995,340.8
207841,1995,2372.15
208552,1995,1007.9
204582,1995,416.37
212592,1995,1113.97
205346,1996,463.92
203480,1996,7.63
208603,1996,67.42
201448,1996,1005.3
208110,1996,701.11
208216,1996,1396.18
213790,1996,1658.54
204761,1996,673.36
205368,1996,254.84
204230,1996,879.76
214295,1996,146.05
214193,1996,622.49
208084,1996,207.06
208621,1996,290.66
207841,1996,2430.81
208552,1996,949.85
204582,1996,391.95
212592,1996,1367.51
205346,1997,473.28
203480,1997,3.91
208603,1997,75.69
201448,1997,1307.06
208110,1997,641.9
208216,1997,952.1
213790,1997,1429.72
204761,1997,1036.08
205368,1997,253.99
204230,1997,567.02
214295,1997,206.66
214193,1997,631.48
208084,1997,207.3
208621,1997,445.42
207841,1997,1785.83
208552,1997,1043.54
204582,1997,169.98
212592,1997,770.76
205346,1998,201.41
203480,1998,16.36
208603,1998,69.25
201448,1998,1391.89
208110,1998,1006.24
208216,1998,1576.13
213790,1998,1904.68
204761,1998,707.21
205368,1998,195.93
204230,1998,677.19
214295,1998,241.89
214193,1998,363.52
208084,1998,146.48
208621,1998,653.09
207841,1998,635.9
208552,1998,1393.15
204582,1998,41.95
212592,1998,152.48
205346,1999,339.95
203480,1999,14.01
208603,1999,47.55
201448,1999,1010.67
208110,1999,728.68
208216,1999,1418.69
213790,1999,1917.93
204761,1999,1246.54
205368,1999,681.35
204230,1999,919.77
214295,1999,234.53
214193,1999,985.06
208084,1999,539.34
208621,1999,742.63
207841,1999,3211.78
208552,1999,1004.78
204582,1999,405.73
212592,1999,1886.61
205346,2000,246.63
203480,2000,5.75
208603,2000,46.77
201448,2000,1151.46
208110,2000,828.67
208216,2000,1265.67
213790,2000,735.93
204761,2000,558.9
205368,2000,488.37
204230,2000,643.3
214295,2000,426.43
214193,2000,650.35
208084,2000,154.74
208621,2000,444.2
207841,2000,1521.81
208552,2000,689.16
204582,2000,292.04
212592,2000,714.97
205346,2001,344.14
203480,2001,10.26
208603,2001,34.66
201448,2001,1222.31
208110,2001,847.92
208216,2001,1301.34
213790,2001,1613.14
204761,2001,815.22
205368,2001,187.97
204230,2001,755.69
214295,2001,209.15
214193,2001,649.9
208084,2001,229.56
208621,2001,294.6
207841,2001,1264.55
208552,2001,630.09
204582,2001,248.34
212592,2001,595.02
205346,2002,294.34
203480,2002,19.1
208603,2002,92.07
201448,2002,1480.27
208110,2002,907.81
208216,2002,1148.68
213790,2002,1192.66
204761,2002,422.53
205368,2002,79.94
204230,2002,399.95
214295,2002,203.64
214193,2002,774.98
208084,2002,334.66
208621,2002,159.58
207841,2002,1438.61
208552,2002,491.7
204582,2002,336.91
212592,2002,716.42
205346,2003,585.79
203480,2003,8.24
208603,2003,65.75
201448,2003,1129.6
208110,2003,680.53
208216,2003,1016.56
213790,2003,1702.45
204761,2003,962.51
205368,2003,589.47
204230,2003,1722.93
214295,2003,798.27
214193,2003,849.78
208084,2003,412.25
208621,2003,523.62
207841,2003,706.62
208552,2003,551.42
204582,2003,108.95
212592,2003,247.46
205346,2004,245.06
203480,2004,25.39
208603,2004,27.47
201448,2004,661.66
208110,2004,466.1
208216,2004,673.78
213790,2004,811.79
204761,2004,928.82
205368,2004,334.39
204230,2004,900.29
214295,2004,380.73
214193,2004,505.17
208084,2004,120.1
208621,2004,598.9
207841,2004,867.48
208552,2004,563.58
204582,2004,111.69
212592,2004,388.95
205346,2005,217.27
203480,2005,2.72
208603,2005,23.83
201448,2005,642.39
208110,2005,247.87
208216,2005,126.85
213790,2005,32.3
204761,2005,618.52
205368,2005,352.67
204230,2005,794.44
214295,2005,251.06
214193,2005,147.34
208084,2005,80.17
208621,2005,268.82
207841,2005,349.6
208552,2005,311.11
204582,2005,22.73
212592,2005,62.63
205346,2006,218.88
203480,2006,27.78
208603,2006,86.54
201448,2006,1136.34
208110,2006,764.17
208216,2006,1424.56
213790,2006,1556.4
204761,2006,387.85
205368,2006,236.16
204230,2006,328.3
214295,2006,127.84
214193,2006,308.4
208084,2006,32.97
208621,2006,268.67
207841,2006,1085.25
208552,2006,462.12
204582,2006,99.8
212592,2006,640.22
205346,2007,379.39
203480,2007,10.91
208603,2007,45.89
201448,2007,975.8
208110,2007,335.93
208216,2007,349.41
213790,2007,659.95
204761,2007,421.9
205368,2007,241.85
204230,2007,350.51
214295,2007,215.65
214193,2007,404.2
208084,2007,262.18
208621,2007,427.73
207841,2007,1326.61
208552,2007,1152.56
204582,2007,187.44
212592,2007,484.89
205346,2008,1798.7
203480,2008,27.96
208603,2008,32.87
201448,2008,1259.84
208110,2008,921.2
208216,2008,1470.98
213790,2008,1500.73
204761,2008,525.12
205368,2008,502.65
204230,2008,510.39
214295,2008,207.46
214193,2008,338.05
208084,2008,214.69
208621,2008,1197.3
207841,2008,2032.73
208552,2008,1527.09
204582,2008,177.68
212592,2008,1032.5
205346,2009,193.19
203480,2009,4.88
208603,2009,34.62
201448,2009,907.06
208110,2009,478.96
208216,2009,603.58
213790,2009,562.3
204761,2009,1010.6
205368,2009,442.3
204230,2009,821.21
214295,2009,433.91
214193,2009,857.14
208084,2009,224.04
208621,2009,270.93
207841,2009,1580.15
208552,2009,552.7
204582,2009,477.26
212592,2009,673.98
205346,2010,483.95
203480,2010,22.38
208603,2010,58.81
201448,2010,1254.54
208110,2010,372.84
208216,2010,230.27
213790,2010,45.31
204761,2010,729.35
205368,2010,561.57
204230,2010,1137.33
214295,2010,331.74
214193,2010,452.89
208084,2010,123.2
208621,2010,672.32
207841,2010,1675.52
208552,2010,1238.05
204582,2010,211.99
212592,2010,680.29
205346,2011,310.19
203480,2011,21.62
208603,2011,81.61
201448,2011,1263.75
208110,2011,778.2
208216,2011,1060.73
213790,2011,1190.66
204761,2011,985.58
205368,2011,219.27
204230,2011,1153.66
214295,2011,718.95
214193,2011,1147.32
208084,2011,271.87
208621,2011,290.54
207841,2011,1909.03
208552,2011,801.89
204582,2011,333.45
212592,2011,928.97
205346,2012,792.2
203480,2012,4.27
208603,2012,62.58
201448,2012,1393.64
208110,2012,816.24
208216,2012,990.99
213790,2012,1032.64
204761,2012,449.63
205368,2012,507.7
204230,2012,446.67
214295,2012,386.54
214193,2012,624
208084,2012,464.43
208621,2012,563.81
207841,2012,2081.92
208552,2012,1100.2
204582,2012,281.4
212592,2012,998.09
205346,2013,328.16
203480,2013,13.98
208603,2013,111.31
201448,2013,1386.44
208110,2013,792.71
208216,2013,955.9
213790,2013,1210.53
204761,2013,587.15
205368,2013,319.83
204230,2013,613.93
214295,2013,518.1
214193,2013,1093.66
208084,2013,396.5
208621,2013,249.97
207841,2013,2138.27
208552,2013,628.81
204582,2013,572.61
212592,2013,1081.55
205346,2014,955.08
203480,2014,23.11
208603,2014,87.92
201448,2014,1482.27
208110,2014,934.88
208216,2014,1376.45
213790,2014,1406.86
204761,2014,337.47
205368,2014,207.48
204230,2014,213.45
214295,2014,120.66
214193,2014,509.22
208084,2014,90.05
208621,2014,321.92
207841,2014,2054.81
208552,2014,996.59
204582,2014,202.59
212592,2014,1178.26
205346,2015,251.45
203480,2015,9.77
208603,2015,57.35
201448,2015,736.65
208110,2015,427.33
208216,2015,251.25
213790,2015,399.98
204761,2015,1179.58
205368,2015,508.76
204230,2015,1497.28
214295,2015,915.64
214193,2015,1396.31
208084,2015,407.37
208621,2015,227.4
207841,2015,1078.66
208552,2015,71.83
204582,2015,622.24
212592,2015,297.85
205346,2016,699.93
203480,2016,14.56
208603,2016,72.2
201448,2016,1523.59
208110,2016,715.14
208216,2016,1252.63
213790,2016,1730.33
204761,2016,715.15
205368,2016,388.18
204230,2016,441.42
214295,2016,272.99
214193,2016,633.15
208084,2016,254.16
208621,2016,408.28
207841,2016,1539.9
208552,2016,1212.49
204582,2016,153.94
212592,2016,705.14
205346,2017,379.91
203480,2017,16.27
208603,2017,58.35
201448,2017,1212.94
208110,2017,719.17
208216,2017,1633.76
213790,2017,2252.61
204761,2017,950.65
205368,2017,552.59
204230,2017,816.01
214295,2017,301.75
214193,2017,784.87
208084,2017,93.34
208621,2017,200.53
207841,2017,1882.4
208552,2017,548.88
204582,2017,373.67
212592,2017,1116.78
205346,2018,260.42
203480,2018,12.25
208603,2018,16.84
201448,2018,707.22
208110,2018,348.14
208216,2018,425.93
213790,2018,94.43
204761,2018,392.19
205368,2018,339.84
204230,2018,425.99
214295,2018,258.99
214193,2018,476.3
208084,2018,348.96
208621,2018,586.83
207841,2018,2121.71
208552,2018,1377.17
204582,2018,255.46
212592,2018,948.94
205346,2019,633.67
203480,2019,15.5
208603,2019,16.22
201448,2019,861.54
208110,2019,535.75
208216,2019,935.77
213790,2019,1351.27
204761,2019,1147.71
205368,2019,270.24
204230,2019,1040.57
214295,2019,705.34
214193,2019,1229.63
208084,2019,253.1
208621,2019,647.99
207841,2019,3382.76
208552,2019,1531.17
204582,2019,562.54
212592,2019,1899.14
205346,2020,645.09
203480,2020,5.63
208603,2020,27.56
201448,2020,685.71
208110,2020,403.23
208216,2020,652.42
213790,2020,346.4
204761,2020,528.65
205368,2020,802.3
204230,2020,874.63
214295,2020,402.6
214193,2020,664.31
208084,2020,324.43
208621,2020,629.12
207841,2020,2454.24
208552,2020,1385.16
204582,2020,321.86
212592,2020,1252.51
205346,2021,1255.23
203480,2021,36.02
208603,2021,53.7
201448,2021,1112.32
208110,2021,848.5
208216,2021,962.66
213790,2021,970.2
204761,2021,931.51
205368,2021,405.43
204230,2021,977.77
214295,2021,626.29
214193,2021,1086.34
208084,2021,468.75
208621,2021,660.6
207841,2021,2204.59
208552,2021,1360.55
204582,2021,540.18
212592,2021,866.67
205346,2022,703.03
203480,2022,7.9
208603,2022,73.77
201448,2022,1011.97
208110,2022,643.21
208216,2022,1019.96
213790,2022,1109.04
204761,2022,700.93
205368,2022,417.51
204230,2022,574.28
214295,2022,183.45
214193,2022,575.32
208084,2022,259.15
208621,2022,655.01
207841,2022,1430.23
208552,2022,1004.93
204582,2022,171.68
212592,2022,647.68
205346,2023,560.21
203480,2023,21.31
208603,2023,23.67
201448,2023,1058.41
208110,2023,969.83
208216,2023,1402.62
213790,2023,1834.96
204761,2023,1049.68
205368,2023,485.18
204230,2023,846.56
214295,2023,271.19
214193,2023,641
208084,2023,203.38
208621,2023,337.82
207841,2023,1589.35
208552,2023,696.9
204582,2023,167.96
212592,2023,854.09
205346,2024,300.51
203480,2024,11.05
208603,2024,29.57
201448,2024,932.67
208110,2024,773.82
208216,2024,1308.83
213790,2024,1280.87
204761,2024,427.38
205368,2024,373.04
204230,2024,776.48
214295,2024,460.6
214193,2024,1188.45
208084,2024,639.87
208621,2024,1127.52
207841,2024,2716.61
208552,2024,1467.14
204582,2024,744.9
212592,2024,1178.02
