HYBAS_ID,station_id,DATE,Q
1040571900,200007,1981,125.51115
1040571900,200007,1982,74.719
1040571900,200007,1983,0
1040571900,200007,1984,0
1040571900,200007,1985,160.394075
1040571900,200007,1986,118.2991125
1040571900,200007,1987,184.029675
1040571900,200007,1988,356.2751
1040571900,200007,1989,260.62965
1040571900,200007,1990,38.6878125
1040571900,200007,1991,50.115875
1040571900,200007,1992,0
1040571900,200007,1993,155.5342375
1040571900,200007,1994,181.6848
1040571900,200007,1995,125.134675
1040571900,200007,1996,101.303125
1040571900,200007,1997,64.195375
1040571900,200007,1998,295.1203625
1040571900,200007,1999,165.6382625
1040571900,200007,2000,82.354575
1040571900,200007,2001,98.291675
1040571900,200007,2002,0
1040571900,200007,2003,369.3553625
1040571900,200007,2004,207.46645
1040571900,200007,2005,149.214525
1040571900,200007,2006,65.4649875
1040571900,200007,2007,302.9617875
1040571900,200007,2008,241.4443625
1040571900,200007,2009,532.32065
1040571900,200007,2010,719.2346375
1040571900,200007,2011,199.1249125
1040571900,200007,2012,208.4061625
1040571900,200007,2013,251.241625
1040571900,200007,2014,43.9253375
1040571900,200007,2015,122.307575
1040571900,200007,2016,207.6718375
1040571900,200007,2017,205.4126375
1040571900,200007,2018,146.521625
1040571900,200007,2019,54.7393625
1040571900,200007,2020,854.46975
1040571900,200007,2021,315.9967375
1040571900,200007,2022,308.8230875
1040571900,200007,2023,293.8975625
1040571900,200007,2024,223.9174125
1040641670,200011,1981,756.545847222222
1040641670,200011,1982,450.127458333333
1040641670,200011,1983,318.023444444444
1040641670,200011,1984,261.541041666667
1040641670,200011,1985,555.656527777778
1040641670,200011,1986,582.38875
1040641670,200011,1987,455.769166666667
1040641670,200011,1988,976.215791666667
1040641670,200011,1989,962.696291666667
1040641670,200011,1990,641.230027777778
1040641670,200011,1991,769.554763888889
1040641670,200011,1992,609.416291666667
1040641670,200011,1993,619.229583333333
1040641670,200011,1994,1214.50945833333
1040641670,200011,1995,689.268402777778
1040641670,200011,1996,676.201986111111
1040641670,200011,1997,737.5955
1040641670,200011,1998,1089.73066666667
1040641670,200011,1999,1189.12784722222
1040641670,200011,2000,783.179305555556
1040641670,200011,2001,608.277361111111
1040641670,200011,2002,360.216291666667
1040641670,200011,2003,910.099805555556
1040641670,200011,2004,845.277444444444
1040641670,200011,2005,651.865069444444
1040641670,200011,2006,689.487819444444
1040641670,200011,2007,913.332916666667
1040641670,200011,2008,1139.06672222222
1040641670,200011,2009,820.862680555556
1040641670,200011,2010,1221.40823611111
1040641670,200011,2011,813.763291666667
1040641670,200011,2012,1258.69872222222
1040641670,200011,2013,802.742361111111
1040641670,200011,2014,998.364694444444
1040641670,200011,2015,849.699444444444
1040641670,200011,2016,913.204805555556
1040641670,200011,2017,533.023208333333
1040641670,200011,2018,1206.49683333333
1040641670,200011,2019,1141.51394444444
1040641670,200011,2020,1159.13825
1040641670,200011,2021,1078.88501388889
1040641670,200011,2022,1220.85965277778
1040641670,200011,2023,804.431194444444
1040641670,200011,2024,1636.94302777778
1040024080,200156,1981,1926.26943835616
1040024080,200156,1982,1376.63235616438
1040024080,200156,1983,1855.98593150685
1040024080,200156,1984,1116.22198630137
1040024080,200156,1985,1999.37801369863
1040024080,200156,1986,2124.74376712329
1040024080,200156,1987,1629.82219178082
1040024080,200156,1988,1879.35812328767
1040024080,200156,1989,1865.64510958904
1040024080,200156,1990,1217.55736986301
1040024080,200156,1991,2397.32216438356
1040024080,200156,1992,1797.77598630137
1040024080,200156,1993,1736.26128767123
1040024080,200156,1994,2042.27945205479
1040024080,200156,1995,1988.8957260274
1040024080,200156,1996,2239.19449315069
1040024080,200156,1997,1635.37860273973
1040024080,200156,1998,2670.69512328767
1040024080,200156,1999,1770.55563013699
1040024080,200156,2000,1895.02787671233
1040024080,200156,2001,1776.54504109589
1040024080,200156,2002,1463.60002739726
1040024080,200156,2003,1835.55128767123
1040024080,200156,2004,718.134356164384
1040024080,200156,2005,225.349246575342
1040024080,200156,2006,2053.97417808219
1040024080,200156,2007,664.549328767123
1040024080,200156,2008,1927.86979452055
1040024080,200156,2009,451.427178082192
1040024080,200156,2010,235.633260273973
1040024080,200156,2011,978.29698630137
1040024080,200156,2012,1299.69689041096
1040024080,200156,2013,1443.72680821918
1040024080,200156,2014,1804.56124657534
1040024080,200156,2015,402.392657534247
1040024080,200156,2016,1084.37612328767
1040024080,200156,2017,1853.89169863014
1040024080,200156,2018,993.652643835616
1040024080,200156,2019,1177.98105479452
1040024080,200156,2020,1074.35260273973
1040024080,200156,2021,1362.05879452055
1040024080,200156,2022,1263.53401369863
1040024080,200156,2023,1593.1671369863
1040024080,200156,2024,1757.63045205479
1040722720,200418,1981,1374.72301851852
1040722720,200418,1982,1294.466
1040722720,200418,1983,1063.57314814815
1040722720,200418,1984,879.448518518519
1040722720,200418,1985,1072.57281481481
1040722720,200418,1986,1305.4457037037
1040722720,200418,1987,1013.27357407407
1040722720,200418,1988,1729.25875925926
1040722720,200418,1989,1514.775
1040722720,200418,1990,1382.18007407407
1040722720,200418,1991,1583.77412962963
1040722720,200418,1992,1645.51837037037
1040722720,200418,1993,1236.83755555556
1040722720,200418,1994,2007.43081481481
1040722720,200418,1995,1390.38266666667
1040722720,200418,1996,1476.58392592593
1040722720,200418,1997,1278.83083333333
1040722720,200418,1998,2169.53131481481
1040722720,200418,1999,2325.21435185185
1040722720,200418,2000,1527.442
1040722720,200418,2001,1412.6072037037
1040722720,200418,2002,1074.47096296296
1040722720,200418,2003,2290.29368518519
1040722720,200418,2004,1593.29003703704
1040722720,200418,2005,1529.97240740741
1040722720,200418,2006,1320.23262962963
1040722720,200418,2007,1813.58744444444
1040722720,200418,2008,1915.83442592593
1040722720,200418,2009,1896.74909259259
1040722720,200418,2010,1817.24251851852
1040722720,200418,2011,1632.25911111111
1040722720,200418,2012,2186.73009259259
1040722720,200418,2013,1500.40044444444
1040722720,200418,2014,1860.70348148148
1040722720,200418,2015,1452.1462962963
1040722720,200418,2016,1721.4795
1040722720,200418,2017,1830.13859259259
1040722720,200418,2018,1527.72692592593
1040722720,200418,2019,1712.18909259259
1040722720,200418,2020,2113.02575925926
1040722720,200418,2021,1735.67031481481
1040722720,200418,2022,1893.89064814815
1040722720,200418,2023,1575.83077777778
1040722720,200418,2024,2354.31761111111
1040695300,200837,1981,112.016135135135
1040695300,200837,1982,121.794824324324
1040695300,200837,1983,32.3034324324324
1040695300,200837,1984,10.1993648648649
1040695300,200837,1985,26.0858378378378
1040695300,200837,1986,72.0022027027027
1040695300,200837,1987,28.1990540540541
1040695300,200837,1988,277.916067567568
1040695300,200837,1989,189.941324324324
1040695300,200837,1990,85.9277297297297
1040695300,200837,1991,150.345445945946
1040695300,200837,1992,186.438256756757
1040695300,200837,1993,202.718351351351
1040695300,200837,1994,414.735783783784
1040695300,200837,1995,129.796189189189
1040695300,200837,1996,143.251445945946
1040695300,200837,1997,156.863
1040695300,200837,1998,330.295783783784
1040695300,200837,1999,507.023891891892
1040695300,200837,2000,209.87472972973
1040695300,200837,2001,393.166972972973
1040695300,200837,2002,211.883472972973
1040695300,200837,2003,283.570432432432
1040695300,200837,2004,175.406216216216
1040695300,200837,2005,331.159608108108
1040695300,200837,2006,238.570351351351
1040695300,200837,2007,364.947608108108
1040695300,200837,2008,311.831013513514
1040695300,200837,2009,241.704932432432
1040695300,200837,2010,450.726310810811
1040695300,200837,2011,412.193864864865
1040695300,200837,2012,639.355148648649
1040695300,200837,2013,270.41972972973
1040695300,200837,2014,182.077121621622
1040695300,200837,2015,218.021891891892
1040695300,200837,2016,332.742891891892
1040695300,200837,2017,204.936391891892
1040695300,200837,2018,211.556067567568
1040695300,200837,2019,486.068
1040695300,200837,2020,535.931445945946
1040695300,200837,2021,348.51777027027
1040695300,200837,2022,527.080351351351
1040695300,200837,2023,365.613391891892
1040695300,200837,2024,599.996040540541
1040023950,201204,1981,458.71928
1040023950,201204,1982,297.20156
1040023950,201204,1983,91.71288
1040023950,201204,1984,853.02244
1040023950,201204,1985,1802.79278666667
1040023950,201204,1986,391.825626666667
1040023950,201204,1987,1564.15696
1040023950,201204,1988,1327.5956
1040023950,201204,1989,1712.32273333333
1040023950,201204,1990,337.056186666667
1040023950,201204,1991,560.86928
1040023950,201204,1992,351.87604
1040023950,201204,1993,441.05992
1040023950,201204,1994,947.138106666667
1040023950,201204,1995,992.638506666667
1040023950,201204,1996,741.291453333333
1040023950,201204,1997,295.568866666667
1040023950,201204,1998,838.231906666667
1040023950,201204,1999,919.260026666667
1040023950,201204,2000,587.869986666667
1040023950,201204,2001,286.267013333333
1040023950,201204,2002,530.7706
1040023950,201204,2003,1047.78124
1040023950,201204,2004,781.313466666667
1040023950,201204,2005,544.605986666667
1040023950,201204,2006,470.326946666667
1040023950,201204,2007,463.13132
1040023950,201204,2008,735.919053333333
1040023950,201204,2009,324.025733333333
1040023950,201204,2010,1295.95369333333
1040023950,201204,2011,507.905693333333
1040023950,201204,2012,721.266586666667
1040023950,201204,2013,531.266813333333
1040023950,201204,2014,1134.85630666667
1040023950,201204,2015,307.48424
1040023950,201204,2016,633.81844
1040023950,201204,2017,659.654573333333
1040023950,201204,2018,1406.74306666667
1040023950,201204,2019,1604.24821333333
1040023950,201204,2020,862.17212
1040023950,201204,2021,1450.0116
1040023950,201204,2022,1900.11773333333
1040023950,201204,2023,1050.74906666667
1040023950,201204,2024,1333.45204
1040709030,202017,1981,22.4018918918919
1040709030,202017,1982,7.60501351351351
1040709030,202017,1983,0.664716216216216
1040709030,202017,1984,0.0987972972972973
1040709030,202017,1985,24.614027027027
1040709030,202017,1986,31.7359054054054
1040709030,202017,1987,2.21308108108108
1040709030,202017,1988,71.6434459459459
1040709030,202017,1989,43.2098108108108
1040709030,202017,1990,3.15143243243243
1040709030,202017,1991,49.8410405405405
1040709030,202017,1992,54.7984459459459
1040709030,202017,1993,60.6991351351351
1040709030,202017,1994,137.27577027027
1040709030,202017,1995,37.0615405405405
1040709030,202017,1996,67.423972972973
1040709030,202017,1997,24.3869864864865
1040709030,202017,1998,82.0899054054054
1040709030,202017,1999,121.233162162162
1040709030,202017,2000,65.866527027027
1040709030,202017,2001,125.570094594595
1040709030,202017,2002,22.1578108108108
1040709030,202017,2003,113.63377027027
1040709030,202017,2004,40.0936756756757
1040709030,202017,2005,73.4600945945946
1040709030,202017,2006,62.7480810810811
1040709030,202017,2007,366.833175675676
1040709030,202017,2008,94.474
1040709030,202017,2009,123.432594594595
1040709030,202017,2010,214.189675675676
1040709030,202017,2011,28.4036891891892
1040709030,202017,2012,334.938121621622
1040709030,202017,2013,47.2200540540541
1040709030,202017,2014,70.5429054054054
1040709030,202017,2015,281.452189189189
1040709030,202017,2016,192.89722972973
1040709030,202017,2017,72.8739054054054
1040709030,202017,2018,95.1283378378378
1040709030,202017,2019,104.428878378378
1040709030,202017,2020,136.963594594595
1040709030,202017,2021,72.002445945946
1040709030,202017,2022,76.2515540540541
1040709030,202017,2023,96.2516351351351
1040709030,202017,2024,119.484662162162
1040915990,202266,1981,357.77801369863
1040915990,202266,1982,204.535369863014
1040915990,202266,1983,158.700712328767
1040915990,202266,1984,134.840726027397
1040915990,202266,1985,290.152890410959
1040915990,202266,1986,350.527219178082
1040915990,202266,1987,365.309835616438
1040915990,202266,1988,606.76401369863
1040915990,202266,1989,589.143109589041
1040915990,202266,1990,276.395493150685
1040915990,202266,1991,610.665808219178
1040915990,202266,1992,337.708178082192
1040915990,202266,1993,549.256753424658
1040915990,202266,1994,931.075835616438
1040915990,202266,1995,1052.31738356164
1040915990,202266,1996,714.088698630137
1040915990,202266,1997,305.900547945205
1040915990,202266,1998,1080.18536986301
1040915990,202266,1999,1042.83516438356
1040915990,202266,2000,557.139917808219
1040915990,202266,2001,424.213328767123
1040915990,202266,2002,546.441342465753
1040915990,202266,2003,1360.86668493151
1040915990,202266,2004,646.796068493151
1040915990,202266,2005,423.52098630137
1040915990,202266,2006,369.526164383562
1040915990,202266,2007,437.910493150685
1040915990,202266,2008,829.724397260274
1040915990,202266,2009,1156.47591780822
1040915990,202266,2010,545.878863013699
1040915990,202266,2011,422.863452054795
1040915990,202266,2012,348.712780821918
1040915990,202266,2013,421.288767123288
1040915990,202266,2014,379.739684931507
1040915990,202266,2015,461.485534246575
1040915990,202266,2016,626.660794520548
1040915990,202266,2017,493.738287671233
1040915990,202266,2018,315.830712328767
1040915990,202266,2019,260.824671232877
1040915990,202266,2020,694.877493150685
1040915990,202266,2021,457.443232876712
1040915990,202266,2022,585.341123287671
1040915990,202266,2023,923.159438356164
1040915990,202266,2024,550.907575342466
1040023900,202504,1981,219.045169230769
1040023900,202504,1982,725.889107692308
1040023900,202504,1983,183.490169230769
1040023900,202504,1984,196.687261538462
1040023900,202504,1985,335.612261538462
1040023900,202504,1986,152.316876923077
1040023900,202504,1987,148.434476923077
1040023900,202504,1988,218.395138461538
1040023900,202504,1989,339.130723076923
1040023900,202504,1990,154.404738461538
1040023900,202504,1991,435.134661538462
1040023900,202504,1992,95.6498769230769
1040023900,202504,1993,321.086707692308
1040023900,202504,1994,234.974246153846
1040023900,202504,1995,398.314292307692
1040023900,202504,1996,577.408015384615
1040023900,202504,1997,356.183138461538
1040023900,202504,1998,76.6755076923077
1040023900,202504,1999,317.042892307692
1040023900,202504,2000,426.858276923077
1040023900,202504,2001,369.953138461538
1040023900,202504,2002,205.532446153846
1040023900,202504,2003,206.768323076923
1040023900,202504,2004,44.0350153846154
1040023900,202504,2005,170.007015384615
1040023900,202504,2006,278.944784615385
1040023900,202504,2007,84.2881846153846
1040023900,202504,2008,348.430338461538
1040023900,202504,2009,284.360753846154
1040023900,202504,2010,370.108923076923
1040023900,202504,2011,179.529892307692
1040023900,202504,2012,140.660338461538
1040023900,202504,2013,68.8052615384615
1040023900,202504,2014,735.199846153846
1040023900,202504,2015,351.045630769231
1040023900,202504,2016,93.3377692307692
1040023900,202504,2017,101.269830769231
1040023900,202504,2018,95.1417538461538
1040023900,202504,2019,31.9068769230769
1040023900,202504,2020,224.069230769231
1040023900,202504,2021,322.229723076923
1040023900,202504,2022,585.956384615385
1040023900,202504,2023,825.787169230769
1040023900,202504,2024,261.385892307692
1040023900,202504,2025,351.752333333333
1040023310,202831,1981,15.5070273972603
1040023310,202831,1982,33.5145890410959
1040023310,202831,1983,15.6085616438356
1040023310,202831,1984,9.85201369863014
1040023310,202831,1985,6.88552054794521
1040023310,202831,1986,6.34435616438356
1040023310,202831,1987,4.87765753424658
1040023310,202831,1988,8.07030136986301
1040023310,202831,1989,6.12743835616438
1040023310,202831,1990,9.49475342465754
1040023310,202831,1991,11.7142602739726
1040023310,202831,1992,7.34671232876712
1040023310,202831,1993,12.6897534246575
1040023310,202831,1994,10.7064109589041
1040023310,202831,1995,12.0282465753425
1040023310,202831,1996,26.2673561643836
1040023310,202831,1997,22.4379863013699
1040023310,202831,1998,3.5831095890411
1040023310,202831,1999,13.1783150684932
1040023310,202831,2000,17.5440136986301
1040023310,202831,2001,12.1213150684931
1040023310,202831,2002,9.0041095890411
1040023310,202831,2003,7.18216438356164
1040023310,202831,2004,5.62635616438356
1040023310,202831,2005,14.0334794520548
1040023310,202831,2006,9.74283561643836
1040023310,202831,2007,9.0927397260274
1040023310,202831,2008,13.2811095890411
1040023310,202831,2009,13.7236849315068
1040023310,202831,2010,9.01206849315069
1040023310,202831,2011,8.04676712328767
1040023310,202831,2012,6.84852054794521
1040023310,202831,2013,10.7169589041096
1040023310,202831,2014,14.7823150684932
1040023310,202831,2015,11.6288219178082
1040023310,202831,2016,6.53691780821918
1040023310,202831,2017,3.69243835616438
1040023310,202831,2018,3.88312328767123
1040023310,202831,2019,2.1833698630137
1040023310,202831,2020,8.13106849315069
1040023310,202831,2021,7.79187671232877
1040023310,202831,2022,18.0283835616438
1040023310,202831,2023,27.4326301369863
1040023310,202831,2024,12.9457808219178
1040023310,202831,2025,8.931
1040915980,203584,1981,1233.06468918919
1040915980,203584,1982,872.336391891892
1040915980,203584,1983,533.479081081081
1040915980,203584,1984,1055.47595945946
1040915980,203584,1985,1664.60732432432
1040915980,203584,1986,1240.17587837838
1040915980,203584,1987,1880.12632432432
1040915980,203584,1988,1880.05931081081
1040915980,203584,1989,3561.53686486487
1040915980,203584,1990,1342.75964864865
1040915980,203584,1991,2738.96154054054
1040915980,203584,1992,1281.57177027027
1040915980,203584,1993,1748.19397297297
1040915980,203584,1994,2320.42697297297
1040915980,203584,1995,2080.18140540541
1040915980,203584,1996,2470.83194594595
1040915980,203584,1997,1157.79268918919
1040915980,203584,1998,1952.53889189189
1040915980,203584,1999,3160.41804054054
1040915980,203584,2000,1677.70036486486
1040915980,203584,2001,1642.60754054054
1040915980,203584,2002,1581.78985135135
1040915980,203584,2003,3161.11375675676
1040915980,203584,2004,2042.20205405405
1040915980,203584,2005,1889.5837027027
1040915980,203584,2006,1759.81909459459
1040915980,203584,2007,2485.31036486486
1040915980,203584,2008,3254.24171621622
1040915980,203584,2009,2955.5407972973
1040915980,203584,2010,2779.34791891892
1040915980,203584,2011,1512.14227027027
1040915980,203584,2012,1896.25501351351
1040915980,203584,2013,1371.83539189189
1040915980,203584,2014,1724.71671621622
1040915980,203584,2015,2376.70837837838
1040915980,203584,2016,2141.8502027027
1040915980,203584,2017,1243.03256756757
1040915980,203584,2018,2147.33859459459
1040915980,203584,2019,2211.0507972973
1040915980,203584,2020,2205.73344594595
1040915980,203584,2021,3176.99490540541
1040915980,203584,2022,2721.53058108108
1040915980,203584,2023,2709.83025675676
1040915980,203584,2024,2494.20191891892
1040022430,203794,1981,4.62727586206897
1040022430,203794,1982,17.2507586206897
1040022430,203794,1983,10.0531034482759
1040022430,203794,1984,2.06275862068966
1040022430,203794,1985,4.4333275862069
1040022430,203794,1986,5.08587931034483
1040022430,203794,1987,2.73118965517241
1040022430,203794,1988,11.0558793103448
1040022430,203794,1989,5.8298275862069
1040022430,203794,1990,4.69960344827586
1040022430,203794,1991,9.84818965517241
1040022430,203794,1992,3.62191379310345
1040022430,203794,1993,13.8595172413793
1040022430,203794,1994,3.62472413793103
1040022430,203794,1995,5.754
1040022430,203794,1996,9.59960344827586
1040022430,203794,1997,13.9099310344828
1040022430,203794,1998,2.52139655172414
1040022430,203794,1999,9.39581034482759
1040022430,203794,2000,2.35724137931035
1040022430,203794,2001,4.32891379310345
1040022430,203794,2002,9.58358620689655
1040022430,203794,2003,5.29893103448276
1040022430,203794,2004,8.85696551724138
1040022430,203794,2005,8.59565517241379
1040022430,203794,2006,5.14220689655172
1040022430,203794,2007,9.33103448275862
1040022430,203794,2008,7.32394827586207
1040022430,203794,2009,19.1287931034483
1040022430,203794,2010,16.2481034482759
1040022430,203794,2011,8.02843103448276
1040022430,203794,2012,9.20572413793103
1040022430,203794,2013,5.00965517241379
1040022430,203794,2014,6.10291379310345
1040022430,203794,2015,6.14218965517241
1040022430,203794,2016,4.05958620689655
1040022430,203794,2017,8.24220689655172
1040022430,203794,2018,4.60065517241379
1040022430,203794,2019,6.76324137931034
1040022430,203794,2020,5.259
1040022430,203794,2021,4.43353448275862
1040022430,203794,2022,7.36310344827586
1040022430,203794,2023,5.40036206896552
1040022430,203794,2024,5.97256896551724
1040022430,203794,2025,4.079
1040840410,203938,1981,6053.93794520548
1040840410,203938,1982,4914.92609589041
1040840410,203938,1983,5405.4717260274
1040840410,203938,1984,2016.50530136986
1040840410,203938,1985,4415.03071232877
1040840410,203938,1986,3537.25993150685
1040840410,203938,1987,4446.45938356164
1040840410,203938,1988,8853.05383561644
1040840410,203938,1989,4805.8881369863
1040840410,203938,1990,4226.23842465753
1040840410,203938,1991,5022.51626027397
1040840410,203938,1992,5883.92121917808
1040840410,203938,1993,4270.72167123288
1040840410,203938,1994,7967.75494520548
1040840410,203938,1995,6390.04295890411
1040840410,203938,1996,5038.38580821918
1040840410,203938,1997,4059.7214109589
1040840410,203938,1998,7345.77756164384
1040840410,203938,1999,7741.96445205479
1040840410,203938,2000,3335.9101369863
1040840410,203938,2001,6325.47775342466
1040840410,203938,2002,3215.04216438356
1040840410,203938,2003,3303.85269863014
1040840410,203938,2004,4181.95328767123
1040840410,203938,2005,3613.80336986301
1040840410,203938,2006,6399.74168493151
1040840410,203938,2007,7244.70346575343
1040840410,203938,2008,9792.56164383562
1040840410,203938,2009,2342.95909589041
1040840410,203938,2010,8402.86647945206
1040840410,203938,2011,6865.93580821918
1040840410,203938,2012,8981.73182191781
1040840410,203938,2013,7188.3358630137
1040840410,203938,2014,6405.90683561644
1040840410,203938,2015,6769.3288630137
1040840410,203938,2016,6186.66473972603
1040840410,203938,2017,7297.02157534247
1040840410,203938,2018,4591.22482191781
1040840410,203938,2019,7681.44290410959
1040840410,203938,2020,6980.02183561644
1040840410,203938,2021,7231.6164109589
1040840410,203938,2022,8728.03934246575
1040840410,203938,2023,6338.17884931507
1040840410,203938,2024,9387.1567260274
1040695700,204134,1981,2934.89791780822
1041923540,204134,1981,2934.89791780822
1040695700,204134,1982,3150.37671232877
1041923540,204134,1982,3150.37671232877
1040695700,204134,1983,3039.71039726027
1041923540,204134,1983,3039.71039726027
1040695700,204134,1984,2118.32642465753
1041923540,204134,1984,2118.32642465753
1040695700,204134,1985,2288.15350684931
1041923540,204134,1985,2288.15350684931
1040695700,204134,1986,2337.07889041096
1041923540,204134,1986,2337.07889041096
1040695700,204134,1987,2074.8898630137
1041923540,204134,1987,2074.8898630137
1040695700,204134,1988,3260.82309589041
1041923540,204134,1988,3260.82309589041
1040695700,204134,1989,3292.04057534247
1041923540,204134,1989,3292.04057534247
1040695700,204134,1990,2951.95245205479
1041923540,204134,1990,2951.95245205479
1040695700,204134,1991,3150.02880821918
1041923540,204134,1991,3150.02880821918
1040695700,204134,1992,3176.04756164384
1041923540,204134,1992,3176.04756164384
1040695700,204134,1993,2770.43901369863
1041923540,204134,1993,2770.43901369863
1040695700,204134,1994,3222.06636986301
1041923540,204134,1994,3222.06636986301
1040695700,204134,1995,3665.48698630137
1041923540,204134,1995,3665.48698630137
1040695700,204134,1996,3662.76026027397
1041923540,204134,1996,3662.76026027397
1040695700,204134,1997,3678.52109589041
1041923540,204134,1997,3678.52109589041
1040695700,204134,1998,3456.9314109589
1041923540,204134,1998,3456.9314109589
1040695700,204134,1999,3491.97832876712
1041923540,204134,1999,3491.97832876712
1040695700,204134,2000,3272.74683561644
1041923540,204134,2000,3272.74683561644
1040695700,204134,2001,3428.77121917808
1041923540,204134,2001,3428.77121917808
1040695700,204134,2002,3307.24816438356
1041923540,204134,2002,3307.24816438356
1040695700,204134,2003,2757.55335616438
1041923540,204134,2003,2757.55335616438
1040695700,204134,2004,2702.6208630137
1041923540,204134,2004,2702.6208630137
1040695700,204134,2005,2696.66750684932
1041923540,204134,2005,2696.66750684932
1040695700,204134,2006,2769.19328767123
1041923540,204134,2006,2769.19328767123
1040695700,204134,2007,3188.48409589041
1041923540,204134,2007,3188.48409589041
1040695700,204134,2008,3525.65364383562
1041923540,204134,2008,3525.65364383562
1040695700,204134,2009,3354.75404109589
1041923540,204134,2009,3354.75404109589
1040695700,204134,2010,3264.04467123288
1041923540,204134,2010,3264.04467123288
1040695700,204134,2011,3700.75560273973
1041923540,204134,2011,3700.75560273973
1040695700,204134,2012,4414.38098630137
1041923540,204134,2012,4414.38098630137
1040695700,204134,2013,4246.03857534247
1041923540,204134,2013,4246.03857534247
1040695700,204134,2014,3979.05331506849
1041923540,204134,2014,3979.05331506849
1040695700,204134,2015,3999.43595890411
1041923540,204134,2015,3999.43595890411
1040695700,204134,2016,4059.35656164384
1041923540,204134,2016,4059.35656164384
1040695700,204134,2017,4278.90446575343
1041923540,204134,2017,4278.90446575343
1040695700,204134,2018,3771.29026027397
1041923540,204134,2018,3771.29026027397
1040695700,204134,2019,4095.81482191781
1041923540,204134,2019,4095.81482191781
1040695700,204134,2020,3876.31923287671
1041923540,204134,2020,3876.31923287671
1040695700,204134,2021,4343.34205479452
1041923540,204134,2021,4343.34205479452
1040695700,204134,2022,4897.35410958904
1041923540,204134,2022,4897.35410958904
1040695700,204134,2023,4867.38905479452
1041923540,204134,2023,4867.38905479452
1040695700,204134,2024,4897.31909589041
1041923540,204134,2024,4897.31909589041
1040040360,204141,1981,50.3583378378378
1040040360,204141,1982,23.8829054054054
1040040360,204141,1983,30.9910135135135
1040040360,204141,1984,14.2973243243243
1040040360,204141,1985,33.3169459459459
1040040360,204141,1986,42.9886216216216
1040040360,204141,1987,28.2787162162162
1040040360,204141,1988,80.6226216216216
1040040360,204141,1989,69.123972972973
1040040360,204141,1990,37.1494594594595
1040040360,204141,1991,84.3872837837838
1040040360,204141,1992,40.6978648648649
1040040360,204141,1993,32.6608513513514
1040040360,204141,1994,61.0263648648649
1040040360,204141,1995,54.9274054054054
1040040360,204141,1996,45.0970810810811
1040040360,204141,1997,42.9798918918919
1040040360,204141,1998,59.0943378378378
1040040360,204141,1999,64.8893918918919
1040040360,204141,2000,61.0299864864865
1040040360,204141,2001,61.0959864864865
1040040360,204141,2002,43.1541621621622
1040040360,204141,2003,66.3893108108108
1040040360,204141,2004,40.2447972972973
1040040360,204141,2005,47.503972972973
1040040360,204141,2006,69.3642027027027
1040040360,204141,2007,47.7878243243243
1040040360,204141,2008,67.6757297297297
1040040360,204141,2009,41.3867162162162
1040040360,204141,2010,45.6278513513514
1040040360,204141,2011,47.0904189189189
1040040360,204141,2012,43.991472972973
1040040360,204141,2013,38.5305135135135
1040040360,204141,2014,37.9632837837838
1040040360,204141,2015,52.8053918918919
1040040360,204141,2016,68.3004594594595
1040040360,204141,2017,55.5441621621622
1040040360,204141,2018,67.0602027027027
1040040360,204141,2019,56.9239594594595
1040040360,204141,2020,82.079972972973
1040040360,204141,2021,45.0506891891892
1040040360,204141,2022,67.4656351351351
1040040360,204141,2023,60.8904864864865
1040040360,204141,2024,92.5285810810811
1040734190,204158,1981,2403.52038356164
1040734190,204158,1982,2329.81082191781
1040734190,204158,1983,2357.82016438356
1040734190,204158,1984,1616.63884931507
1040734190,204158,1985,1748.84919178082
1040734190,204158,1986,1639.98724657534
1040734190,204158,1987,1775.02315068493
1040734190,204158,1988,2868.67395890411
1040734190,204158,1989,2646.91612328767
1040734190,204158,1990,2333.37417808219
1040734190,204158,1991,2375.56480821918
1040734190,204158,1992,2495.79149315068
1040734190,204158,1993,2279.54205479452
1040734190,204158,1994,2785.20217808219
1040734190,204158,1995,2992.88089041096
1040734190,204158,1996,2819.25336986301
1040734190,204158,1997,2436.34176712329
1040734190,204158,1998,2750.54228767123
1040734190,204158,1999,3024.7891369863
1040734190,204158,2000,2496.88373972603
1040734190,204158,2001,2757.57776712329
1040734190,204158,2002,2286.87663013699
1040734190,204158,2003,2127.1004109589
1040734190,204158,2004,1980.36098630137
1040734190,204158,2005,1838.93436986301
1040734190,204158,2006,2401.93034246575
1040734190,204158,2007,2763.75631506849
1040734190,204158,2008,3543.52810958904
1040734190,204158,2009,2428.25261643836
1040734190,204158,2010,2932.08494520548
1040734190,204158,2011,3095.50489041096
1040734190,204158,2012,3693.91712328767
1040734190,204158,2013,3547.95578082192
1040734190,204158,2014,3323.94624657534
1040734190,204158,2015,3337.56320547945
1040734190,204158,2016,3255.38612328767
1040734190,204158,2017,3471.45515068493
1040734190,204158,2018,2899.65638356164
1040734190,204158,2019,3281.45321917808
1040734190,204158,2020,3313.74920547945
1040734190,204158,2021,3467.11143835616
1040734190,204158,2022,3943.82761643836
1040734190,204158,2023,3623.33235616438
1040734190,204158,2024,4016.03280821918
1040026800,204230,1981,842.206383561644
1040026800,204230,1982,440.307534246575
1040026800,204230,1983,276.006753424658
1040026800,204230,1984,515.379589041096
1040026800,204230,1985,1046.44630136986
1040026800,204230,1986,943.813726027397
1040026800,204230,1987,528.045794520548
1040026800,204230,1988,1098.34036986301
1040026800,204230,1989,791.20704109589
1040026800,204230,1990,516.022479452055
1040026800,204230,1991,780.453493150685
1040026800,204230,1992,1029.97549315068
1040026800,204230,1993,1047.35131506849
1040026800,204230,1994,1834.36473972603
1040026800,204230,1995,1094.67426027397
1040026800,204230,1996,1319.88604109589
1040026800,204230,1997,772.829054794521
1040026800,204230,1998,1333.45152054795
1040026800,204230,1999,1740.44031506849
1040026800,204230,2000,752.165643835616
1040026800,204230,2001,1095.2781369863
1040026800,204230,2002,619.260328767123
1040026800,204230,2003,2850.07538356164
1040026800,204230,2004,1045.51978082192
1040026800,204230,2005,1221.70468493151
1040026800,204230,2006,773.381821917808
1040026800,204230,2007,530.149616438356
1040026800,204230,2008,819.181534246575
1040026800,204230,2009,1711.00682191781
1040026800,204230,2010,1634.55802739726
1040026800,204230,2011,1538.48510958904
1040026800,204230,2012,893.293315068493
1040026800,204230,2013,1400.42238356164
1040026800,204230,2014,525.549410958904
1040026800,204230,2015,2080.5831369863
1040026800,204230,2016,896.335821917808
1040026800,204230,2017,1206.79352054795
1040026800,204230,2018,1039.53612328767
1040026800,204230,2019,1634.72905479452
1040026800,204230,2020,1650.30647945205
1040026800,204230,2021,1692.94412328767
1040026800,204230,2022,984.286698630137
1040026800,204230,2023,1467.12950684932
1040026800,204230,2024,1730.72153424658
1040695540,204293,1981,6.67028169014085
1040695540,204293,1982,8.32101408450704
1040695540,204293,1983,10.9043521126761
1040695540,204293,1984,2.04094366197183
1040695540,204293,1985,7.79421126760563
1040695540,204293,1986,15.6822253521127
1040695540,204293,1987,12.1438028169014
1040695540,204293,1988,21.2092112676056
1040695540,204293,1989,10.5944507042254
1040695540,204293,1990,3.36733802816901
1040695540,204293,1991,73.2570704225352
1040695540,204293,1992,9.23098591549296
1040695540,204293,1993,10.1967887323944
1040695540,204293,1994,65.6554225352113
1040695540,204293,1995,18.283661971831
1040695540,204293,1996,18.0196478873239
1040695540,204293,1997,0.920323943661972
1040695540,204293,1998,6.18394366197183
1040695540,204293,1999,12.3741830985915
1040695540,204293,2000,2.97878873239437
1040695540,204293,2001,17.0525633802817
1040695540,204293,2002,13.8711267605634
1040695540,204293,2003,31.3392535211268
1040695540,204293,2004,26.9824929577465
1040695540,204293,2005,17.8362676056338
1040695540,204293,2006,26.8059295774648
1040695540,204293,2007,19.0009014084507
1040695540,204293,2008,35.1450985915493
1040695540,204293,2009,10.5764788732394
1040695540,204293,2010,28.2130704225352
1040695540,204293,2011,5.83911267605634
1040695540,204293,2012,12.3672394366197
1040695540,204293,2013,7.31905633802817
1040695540,204293,2014,23.6592253521127
1040695540,204293,2015,5.6840985915493
1040695540,204293,2016,8.93077464788732
1040695540,204293,2017,9.16411267605634
1040695540,204293,2018,24.8099014084507
1040695540,204293,2019,9.93854929577465
1040695540,204293,2020,15.2325352112676
1040695540,204293,2021,12.3114084507042
1040695540,204293,2022,18.0795211267606
1040695540,204293,2023,12.9856056338028
1040695540,204293,2024,34.0763802816901
1040571730,204558,1981,2067.59221621622
1040571730,204558,1982,1236.41809459459
1040571730,204558,1983,516.163324324324
1040571730,204558,1984,664.433432432432
1040571730,204558,1985,2108.68125675676
1040571730,204558,1986,1616.37771621622
1040571730,204558,1987,1124.4872972973
1040571730,204558,1988,3290.46051351351
1040571730,204558,1989,2977.47313513514
1040571730,204558,1990,1303.95127027027
1040571730,204558,1991,2022.69748648649
1040571730,204558,1992,1552.76008108108
1040571730,204558,1993,1984.73625675676
1040571730,204558,1994,4263.93436486486
1040571730,204558,1995,3115.33783783784
1040571730,204558,1996,2076.19140540541
1040571730,204558,1997,2155.06762162162
1040571730,204558,1998,2420.84047297297
1040571730,204558,1999,4162.93606756757
1040571730,204558,2000,2255.59478378378
1040571730,204558,2001,2025.45535135135
1040571730,204558,2002,2639.58001351351
1040571730,204558,2003,4232.55401351351
1040571730,204558,2004,1877.39217567568
1040571730,204558,2005,1859.91105405405
1040571730,204558,2006,1382.17832432432
1040571730,204558,2007,2301.67678378378
1040571730,204558,2008,2593.5012972973
1040571730,204558,2009,4195.04235135135
1040571730,204558,2010,3414.78832432432
1040571730,204558,2011,3809.58828378378
1040571730,204558,2012,3823.53071621622
1040571730,204558,2013,4769.57455405405
1040571730,204558,2014,2261.32159459459
1040571730,204558,2015,5394.89760810811
1040571730,204558,2016,2685.91721621622
1040571730,204558,2017,2111.43427027027
1040571730,204558,2018,2936.83040540541
1040571730,204558,2019,4639.86062162162
1040571730,204558,2020,5043.34067567568
1040571730,204558,2021,4487.08201351351
1040571730,204558,2022,2458.16897297297
1040571730,204558,2023,2514.38104054054
1040571730,204558,2024,4641.86964864865
1040667560,204994,1981,921.822328767123
1040667560,204994,1982,586.859698630137
1040667560,204994,1983,415.318876712329
1040667560,204994,1984,290.567835616438
1040667560,204994,1985,1003.83420547945
1040667560,204994,1986,769.702205479452
1040667560,204994,1987,616.909753424658
1040667560,204994,1988,1124.71534246575
1040667560,204994,1989,1359.80293150685
1040667560,204994,1990,781.659917808219
1040667560,204994,1991,964.37295890411
1040667560,204994,1992,663.249506849315
1040667560,204994,1993,800.859684931507
1040667560,204994,1994,1995.96891780822
1040667560,204994,1995,1482.12478082192
1040667560,204994,1996,1097.11817808219
1040667560,204994,1997,1037.2688630137
1040667560,204994,1998,832.097821917808
1040667560,204994,1999,1733.33612328767
1040667560,204994,2000,809.328054794521
1040667560,204994,2001,1031.94380821918
1040667560,204994,2002,1158.27626027397
1040667560,204994,2003,1279.35954794521
1040667560,204994,2004,615.526863013699
1040667560,204994,2005,449.611561643836
1040667560,204994,2006,682.675082191781
1040667560,204994,2007,782.387616438356
1040667560,204994,2008,753.445931506849
1040667560,204994,2009,1654.84764383562
1040667560,204994,2010,1123.28257534247
1040667560,204994,2011,1451.20278082192
1040667560,204994,2012,1150.1255890411
1040667560,204994,2013,2026.01476712329
1040667560,204994,2014,1040.43254794521
1040667560,204994,2015,2040.50054794521
1040667560,204994,2016,869.923534246575
1040667560,204994,2017,1110.36728767123
1040667560,204994,2018,1024.8008630137
1040667560,204994,2019,2141.08873972603
1040667560,204994,2020,1302.68316438356
1040667560,204994,2021,1804.64095890411
1040667560,204994,2022,902.109808219178
1040667560,204994,2023,1125.43980821918
1040667560,204994,2024,1845.93720547945
1040667360,204998,1981,1395.03814864865
1040667360,204998,1982,921.395256756757
1040667360,204998,1983,484.149243243243
1040667360,204998,1984,552.705
1040667360,204998,1985,1506.65505405405
1040667360,204998,1986,1222.03735135135
1040667360,204998,1987,868.798175675676
1040667360,204998,1988,2360.54948648649
1040667360,204998,1989,2111.53856756757
1040667360,204998,1990,1111.56514864865
1040667360,204998,1991,1597.60535135135
1040667360,204998,1992,1166.63824324324
1040667360,204998,1993,1351.16956756757
1040667360,204998,1994,3224.52739189189
1040667360,204998,1995,2456.26939189189
1040667360,204998,1996,1706.83347297297
1040667360,204998,1997,1721.91431081081
1040667360,204998,1998,1478.09725675676
1040667360,204998,1999,3109.77532432432
1040667360,204998,2000,1356.95612162162
1040667360,204998,2001,1628.92617567568
1040667360,204998,2002,2244.62283783784
1040667360,204998,2003,2286.97871621622
1040667360,204998,2004,967.03272972973
1040667360,204998,2005,899.596716216216
1040667360,204998,2006,876.024
1040667360,204998,2007,1690.7132027027
1040667360,204998,2008,1503.1462027027
1040667360,204998,2009,2713.62177027027
1040667360,204998,2010,1863.40912162162
1040667360,204998,2011,2440.19685135135
1040667360,204998,2012,2429.68681081081
1040667360,204998,2013,3338.88931081081
1040667360,204998,2014,1508.93687837838
1040667360,204998,2015,3269.25931081081
1040667360,204998,2016,1652.65158108108
1040667360,204998,2017,1449.49801351351
1040667360,204998,2018,2088.73975675676
1040667360,204998,2019,3187.37359459459
1040667360,204998,2020,2621.13402702703
1040667360,204998,2021,3024.74439189189
1040667360,204998,2022,1753.72171621622
1040667360,204998,2023,1868.77901351351
1040667360,204998,2024,3336.65132432432
1040644920,205011,1981,1427.93171621622
1040644920,205011,1982,964.199621621622
1040644920,205011,1983,484.466891891892
1040644920,205011,1984,553.599243243243
1040644920,205011,1985,1565.63963513514
1040644920,205011,1986,1264.51862162162
1040644920,205011,1987,878.784648648649
1040644920,205011,1988,2455.91698648649
1040644920,205011,1989,2187.87067567568
1040644920,205011,1990,1120.22077027027
1040644920,205011,1991,1650.27368918919
1040644920,205011,1992,1191.67304054054
1040644920,205011,1993,1399.1055
1040644920,205011,1994,3310.33218918919
1040644920,205011,1995,2514.40539189189
1040644920,205011,1996,1730.08286486486
1040644920,205011,1997,1761.52591891892
1040644920,205011,1998,1596.12260810811
1040644920,205011,1999,3234.41305405405
1040644920,205011,2000,1426.50014864865
1040644920,205011,2001,1640.93394594595
1040644920,205011,2002,2290.18077027027
1040644920,205011,2003,2413.02809459459
1040644920,205011,2004,1040.58637837838
1040644920,205011,2005,1044.59827027027
1040644920,205011,2006,904.240959459459
1040644920,205011,2007,1754.97360810811
1040644920,205011,2008,1632.94817567568
1040644920,205011,2009,2820.37871621622
1040644920,205011,2010,1943.03713513514
1040644920,205011,2011,2563.01722972973
1040644920,205011,2012,2575.3072972973
1040644920,205011,2013,3468.55856756757
1040644920,205011,2014,1557.04193243243
1040644920,205011,2015,3414.96933783784
1040644920,205011,2016,1790.77533783784
1040644920,205011,2017,1514.66214864865
1040644920,205011,2018,2158.94772972973
1040644920,205011,2019,3348.45993243243
1040644920,205011,2020,2804.81571621622
1040644920,205011,2021,3133.26832432432
1040644920,205011,2022,1809.711
1040644920,205011,2023,1907.32513513514
1040644920,205011,2024,3437.94537837838
1040633360,205059,1981,34.5085277777778
1040633360,205059,1982,6.71781944444444
1040633360,205059,1983,0.864944444444444
1040633360,205059,1984,0.472666666666667
1040633360,205059,1985,15.1087916666667
1040633360,205059,1986,3.23309722222222
1040633360,205059,1987,1.94729166666667
1040633360,205059,1988,24.2997222222222
1040633360,205059,1989,19.4188888888889
1040633360,205059,1990,0.957666666666667
1040633360,205059,1991,2.97948611111111
1040633360,205059,1992,0.858763888888889
1040633360,205059,1993,16.035
1040633360,205059,1994,17.6579722222222
1040633360,205059,1995,45.0434444444444
1040633360,205059,1996,5.16123611111111
1040633360,205059,1997,3.59163888888889
1040633360,205059,1998,67.7900972222222
1040633360,205059,1999,74.4758472222222
1040633360,205059,2000,102.601902777778
1040633360,205059,2001,5.091
1040633360,205059,2002,1.35013888888889
1040633360,205059,2003,95.07025
1040633360,205059,2004,80.8944444444444
1040633360,205059,2005,108.900833333333
1040633360,205059,2006,39.8959444444444
1040633360,205059,2007,41.0476111111111
1040633360,205059,2008,158.986333333333
1040633360,205059,2009,73.8855555555556
1040633360,205059,2010,122.422555555556
1040633360,205059,2011,22.379625
1040633360,205059,2012,76.5733194444445
1040633360,205059,2013,59.9639583333333
1040633360,205059,2014,22.2486527777778
1040633360,205059,2015,91.7360277777778
1040633360,205059,2016,60.4352638888889
1040633360,205059,2017,20.3798888888889
1040633360,205059,2018,31.3856388888889
1040633360,205059,2019,18.0405555555556
1040633360,205059,2020,198.128958333333
1040633360,205059,2021,20.30625
1040633360,205059,2022,36.4539305555556
1040633360,205059,2023,6.15954166666667
1040633360,205059,2024,36.3557638888889
1040024070,205346,1981,801.831716216216
1040024070,205346,1982,989.393040540541
1040024070,205346,1983,239.450540540541
1040024070,205346,1984,1045.56602702703
1040024070,205346,1985,1805.8532027027
1040024070,205346,1986,570.218445945946
1040024070,205346,1987,1442.97135135135
1040024070,205346,1988,1659.14060810811
1040024070,205346,1989,1789.92740540541
1040024070,205346,1990,424.148783783784
1040024070,205346,1991,725.296459459459
1040024070,205346,1992,695.58954054054
1040024070,205346,1993,964.662108108108
1040024070,205346,1994,2234.92528378378
1040024070,205346,1995,1491.00205405405
1040024070,205346,1996,1200.9642972973
1040024070,205346,1997,1093.40693243243
1040024070,205346,1998,1129.25524324324
1040024070,205346,1999,1178.62451351351
1040024070,205346,2000,1438.80171621622
1040024070,205346,2001,452.828337837838
1040024070,205346,2002,408.078783783784
1040024070,205346,2003,1384.58285135135
1040024070,205346,2004,609.518621621622
1040024070,205346,2005,350.708216216216
1040024070,205346,2006,283.814337837838
1040024070,205346,2007,1090.62
1040024070,205346,2008,1875.6917972973
1040024070,205346,2009,251.539081081081
1040024070,205346,2010,1309.2265
1040024070,205346,2011,601.529810810811
1040024070,205346,2012,1420.14728378378
1040024070,205346,2013,1507.01918918919
1040024070,205346,2014,1816.69385135135
1040024070,205346,2015,260.020121621622
1040024070,205346,2016,2634.67282432432
1040024070,205346,2017,1211.36977027027
1040024070,205346,2018,1094.80340540541
1040024070,205346,2019,1715.03977027027
1040024070,205346,2020,2218.9825
1040024070,205346,2021,2066.42254054054
1040024070,205346,2022,1984.53717567568
1040024070,205346,2023,969.078378378378
1040024070,205346,2024,1473.90337837838
1040734180,205508,1981,2384.89106756757
1040734180,205508,1982,3007.14647297297
1040734180,205508,1983,2686.17455405405
1040734180,205508,1984,975.385689189189
1040734180,205508,1985,2084.84190540541
1040734180,205508,1986,1988.9695
1040734180,205508,1987,1552.4455
1040734180,205508,1988,3636.07494594595
1040734180,205508,1989,1950.80222972973
1040734180,205508,1990,1878.50433783784
1040734180,205508,1991,2375.70291891892
1040734180,205508,1992,2926.1782972973
1040734180,205508,1993,1724.78932432432
1040734180,205508,1994,3084.03804054054
1040734180,205508,1995,2878.58601351351
1040734180,205508,1996,2445.22917567568
1040734180,205508,1997,3165.02656756757
1040734180,205508,1998,3334.59567567568
1040734180,205508,1999,2174.22733783784
1040734180,205508,2000,1639.05490540541
1040734180,205508,2001,2393.50091891892
1040734180,205508,2002,2741.13555405405
1040734180,205508,2003,1241.39489189189
1040734180,205508,2004,2398.57704054054
1040734180,205508,2005,2289.83001351351
1040734180,205508,2006,1981.4447972973
1040734180,205508,2007,2519.85386486487
1040734180,205508,2008,2004.46041891892
1040734180,205508,2009,1755.92045945946
1040734180,205508,2010,2297.03485135135
1040734180,205508,2011,3002.68339189189
1040734180,205508,2012,4378.50309459459
1040734180,205508,2013,2526.6907972973
1040734180,205508,2014,2216.00127027027
1040734180,205508,2015,2836.16386486486
1040734180,205508,2016,2208.99855405405
1040734180,205508,2017,2784.61
1040734180,205508,2018,2095.61978378378
1040734180,205508,2019,2816.65168918919
1040734180,205508,2020,2054.99368918919
1040734180,205508,2021,2989.63575675676
1040734180,205508,2022,3994.182
1040734180,205508,2023,2981.97317567568
1040734180,205508,2024,3529.04081081081
1040840230,205659,1981,321.174657534247
1040840230,205659,1982,255.502931506849
1040840230,205659,1983,180.710630136986
1040840230,205659,1984,136.808602739726
1040840230,205659,1985,172.100575342466
1040840230,205659,1986,166.451054794521
1040840230,205659,1987,232.789493150685
1040840230,205659,1988,450.89601369863
1040840230,205659,1989,366.903534246575
1040840230,205659,1990,248.400397260274
1040840230,205659,1991,349.704219178082
1040840230,205659,1992,344.164739726027
1040840230,205659,1993,297.901205479452
1040840230,205659,1994,312.363547945205
1040840230,205659,1995,397.729931506849
1040840230,205659,1996,318.080534246575
1040840230,205659,1997,335.256328767123
1040840230,205659,1998,422.958739726027
1040840230,205659,1999,388.173876712329
1040840230,205659,2000,316.116835616438
1040840230,205659,2001,429.092876712329
1040840230,205659,2002,334.995753424658
1040840230,205659,2003,227.241917808219
1040840230,205659,2004,260.973191780822
1040840230,205659,2005,276.297931506849
1040840230,205659,2006,436.254808219178
1040840230,205659,2007,351.962506849315
1040840230,205659,2008,400.283219178082
1040840230,205659,2009,217.608575342466
1040840230,205659,2010,455.077630136986
1040840230,205659,2011,411.672205479452
1040840230,205659,2012,598.784082191781
1040840230,205659,2013,445.642602739726
1040840230,205659,2014,470.055479452055
1040840230,205659,2015,513.417506849315
1040840230,205659,2016,554.250232876712
1040840230,205659,2017,457.411150684931
1040840230,205659,2018,498.196246575342
1040840230,205659,2019,560.785712328767
1040840230,205659,2020,526.519657534247
1040840230,205659,2021,530.982315068493
1040840230,205659,2022,589.63202739726
1040840230,205659,2023,524.853054794521
1040840230,205659,2024,608.843684931507
1040023960,206487,1981,12.9509230769231
1040023960,206487,1982,44.1332769230769
1040023960,206487,1983,28.7428923076923
1040023960,206487,1984,16.8927846153846
1040023960,206487,1985,21.8242769230769
1040023960,206487,1986,17.8977692307692
1040023960,206487,1987,6.73833846153846
1040023960,206487,1988,10.4454923076923
1040023960,206487,1989,22.5745076923077
1040023960,206487,1990,7.09675384615385
1040023960,206487,1991,24.3154
1040023960,206487,1992,8.7244
1040023960,206487,1993,22.5767846153846
1040023960,206487,1994,20.7552461538462
1040023960,206487,1995,23.1610153846154
1040023960,206487,1996,32.0234
1040023960,206487,1997,24.6546615384615
1040023960,206487,1998,7.70143076923077
1040023960,206487,1999,19.0469692307692
1040023960,206487,2000,36.3421846153846
1040023960,206487,2001,43.2384615384615
1040023960,206487,2002,16.2929384615385
1040023960,206487,2003,26.1704461538462
1040023960,206487,2004,8.12470769230769
1040023960,206487,2005,21.0211846153846
1040023960,206487,2006,27.4264307692308
1040023960,206487,2007,10.6328769230769
1040023960,206487,2008,18.3604615384615
1040023960,206487,2009,14.7610307692308
1040023960,206487,2010,25.9376
1040023960,206487,2011,18.2899384615385
1040023960,206487,2012,7.71832307692308
1040023960,206487,2013,19.5297384615385
1040023960,206487,2014,79.8805692307692
1040023960,206487,2015,32.1775384615385
1040023960,206487,2016,26.1715692307692
1040023960,206487,2017,23.1498153846154
1040023960,206487,2018,11.0082153846154
1040023960,206487,2019,10.8201230769231
1040023960,206487,2020,13.5116923076923
1040023960,206487,2021,32.5700615384615
1040023960,206487,2022,28.4777692307692
1040023960,206487,2023,40.3433692307692
1040023960,206487,2024,21.1663076923077
1040023960,206487,2025,28.2475625
1040873650,206517,1981,369.884884057971
1040873650,206517,1982,301.975014492754
1040873650,206517,1983,141.528898550725
1040873650,206517,1984,134.434333333333
1040873650,206517,1985,423.141927536232
1040873650,206517,1986,408.623202898551
1040873650,206517,1987,711.289565217391
1040873650,206517,1988,623.014101449275
1040873650,206517,1989,1304.32188405797
1040873650,206517,1990,318.803144927536
1040873650,206517,1991,902.566376811594
1040873650,206517,1992,417.250188405797
1040873650,206517,1993,557.795942028986
1040873650,206517,1994,784.632246376812
1040873650,206517,1995,461.666420289855
1040873650,206517,1996,933.772072463768
1040873650,206517,1997,191.459695652174
1040873650,206517,1998,517.356362318841
1040873650,206517,1999,1188.81452173913
1040873650,206517,2000,393.235942028986
1040873650,206517,2001,635.783173913043
1040873650,206517,2002,441.947304347826
1040873650,206517,2003,1046.18856521739
1040873650,206517,2004,646.755652173913
1040873650,206517,2005,555.466869565217
1040873650,206517,2006,585.120449275362
1040873650,206517,2007,1368.63805797101
1040873650,206517,2008,1041.94926086957
1040873650,206517,2009,1266.34591304348
1040873650,206517,2010,979.952275362319
1040873650,206517,2011,681.309420289855
1040873650,206517,2012,670.430869565217
1040873650,206517,2013,456.864304347826
1040873650,206517,2014,535.086347826087
1040873650,206517,2015,970.249463768116
1040873650,206517,2016,729.784144927536
1040873650,206517,2017,338.349550724638
1040873650,206517,2018,830.219434782609
1040873650,206517,2019,585.642782608696
1040873650,206517,2020,918.900217391304
1040873650,206517,2021,1144.3641884058
1040873650,206517,2022,880.136
1040873650,206517,2023,911.019884057971
1040873650,206517,2024,809.703115942029
1040023890,207307,1981,440.419616438356
1040023890,207307,1982,180.451684931507
1040023890,207307,1983,128.503123287671
1040023890,207307,1984,698.659493150685
1040023890,207307,1985,1129.88189041096
1040023890,207307,1986,371.065904109589
1040023890,207307,1987,1634.84656164384
1040023890,207307,1988,942.140698630137
1040023890,207307,1989,1809.61897260274
1040023890,207307,1990,527.041671232877
1040023890,207307,1991,370.98097260274
1040023890,207307,1992,192.444273972603
1040023890,207307,1993,448.122095890411
1040023890,207307,1994,604.956849315068
1040023890,207307,1995,629.090945205479
1040023890,207307,1996,723.253616438356
1040023890,207307,1997,200.437328767123
1040023890,207307,1998,634.613397260274
1040023890,207307,1999,660.566054794521
1040023890,207307,2000,419.24204109589
1040023890,207307,2001,285.324315068493
1040023890,207307,2002,510.79701369863
1040023890,207307,2003,801.247671232877
1040023890,207307,2004,352.370095890411
1040023890,207307,2005,431.352273972603
1040023890,207307,2006,530.221369863014
1040023890,207307,2007,402.49695890411
1040023890,207307,2008,800.378095890411
1040023890,207307,2009,432.672424657534
1040023890,207307,2010,1094.2711369863
1040023890,207307,2011,397.312616438356
1040023890,207307,2012,422.367616438356
1040023890,207307,2013,544.271246575343
1040023890,207307,2014,677.473575342466
1040023890,207307,2015,585.01297260274
1040023890,207307,2016,512.708465753425
1040023890,207307,2017,301.050616438356
1040023890,207307,2018,996.319917808219
1040023890,207307,2019,1202.79936986301
1040023890,207307,2020,542.282178082192
1040023890,207307,2021,1556.94157534247
1040023890,207307,2022,1215.79994520548
1040023890,207307,2023,844.262397260274
1040023890,207307,2024,927.493698630137
1040760290,207822,1981,291.914150684931
1040760290,207822,1982,406.188753424658
1040760290,207822,1983,194.007260273973
1040760290,207822,1984,82.1302465753425
1040760290,207822,1985,220.203452054795
1040760290,207822,1986,429.918369863014
1040760290,207822,1987,128.357726027397
1040760290,207822,1988,758.375643835616
1040760290,207822,1989,484.008726027397
1040760290,207822,1990,234.130315068493
1040760290,207822,1991,326.991876712329
1040760290,207822,1992,637
1040760290,207822,1993,456.396671232877
1040760290,207822,1994,1513.7594109589
1040760290,207822,1995,305.012315068493
1040760290,207822,1996,446.608301369863
1040760290,207822,1997,177.954630136986
1040760290,207822,1998,639.239383561644
1040760290,207822,1999,767.871547945206
1040760290,207822,2000,584.705630136986
1040760290,207822,2001,528.932493150685
1040760290,207822,2002,377.85098630137
1040760290,207822,2003,1413.19993150685
1040760290,207822,2004,483.946342465753
1040760290,207822,2005,519.556808219178
1040760290,207822,2006,889.352109589041
1040760290,207822,2007,692.266260273973
1040760290,207822,2008,563.769821917808
1040760290,207822,2009,510.506424657534
1040760290,207822,2010,946.628561643836
1040760290,207822,2011,611.121493150685
1040760290,207822,2012,722.440287671233
1040760290,207822,2013,532.610164383562
1040760290,207822,2014,429.58601369863
1040760290,207822,2015,572.212643835616
1040760290,207822,2016,582.138397260274
1040760290,207822,2017,576.134123287671
1040760290,207822,2018,537.171671232877
1040760290,207822,2019,545.225410958904
1040760290,207822,2020,1501.7975890411
1040760290,207822,2021,341.643698630137
1040760290,207822,2022,487.884534246575
1040760290,207822,2023,459.675657534247
1040760290,207822,2024,986.746849315069
1040022420,207827,1981,12244.2950136986
1040022420,207827,1982,10412.8322328767
1040022420,207827,1983,7774.31894520548
1040022420,207827,1984,8452.608
1040022420,207827,1985,10635.1512328767
1040022420,207827,1986,10407.3701780822
1040022420,207827,1987,11401.3399589041
1040022420,207827,1988,13244.5339589041
1040022420,207827,1989,13141.8761506849
1040022420,207827,1990,11602.9264246575
1040022420,207827,1991,12674.8946712329
1040022420,207827,1992,11055.1023287671
1040022420,207827,1993,12527.5825479452
1040022420,207827,1994,17046.9546575342
1040022420,207827,1995,11688.2479726027
1040022420,207827,1996,15646.4576849315
1040022420,207827,1997,9853.64065753425
1040022420,207827,1998,13662.6653424658
1040022420,207827,1999,22276.1826027397
1040022420,207827,2000,12805.3527671233
1040022420,207827,2001,13280.945630137
1040022420,207827,2002,16358.3613287671
1040022420,207827,2003,13445.8673972603
1040022420,207827,2004,11042.3498219178
1040022420,207827,2005,9943.96293150685
1040022420,207827,2006,13659.054739726
1040022420,207827,2007,13286.8535890411
1040022420,207827,2008,13412.2233561644
1040022420,207827,2009,16889.1328767123
1040022420,207827,2010,16555.7288082192
1040022420,207827,2011,8385.11505479452
1040022420,207827,2012,16193.6556986301
1040022420,207827,2013,7170.30104109589
1040022420,207827,2014,11073.2638630137
1040022420,207827,2015,7583.97617808219
1040022420,207827,2016,12169.0389041096
1040022420,207827,2017,9561.4825479452
1040022420,207827,2018,11629.5043424658
1040022420,207827,2019,11797.5396164384
1040022420,207827,2020,14522.200109589
1040022420,207827,2021,15739.096260274
1040022420,207827,2022,16335.7542054795
1040022420,207827,2023,15793.7723013699
1040022420,207827,2024,14564.9141232877
1040633540,208104,1981,2045.62214864865
1040633540,208104,1982,1238.13143243243
1040633540,208104,1983,520.213094594595
1040633540,208104,1984,671.637364864865
1040633540,208104,1985,2106.70432432432
1040633540,208104,1986,1575.83524324324
1040633540,208104,1987,1101.91341891892
1040633540,208104,1988,3208.93443243243
1040633540,208104,1989,2986.82568918919
1040633540,208104,1990,1304.91387837838
1040633540,208104,1991,2024.51782432432
1040633540,208104,1992,1554.5077027027
1040633540,208104,1993,1928.90014864865
1040633540,208104,1994,4264.7102972973
1040633540,208104,1995,3068.62437837838
1040633540,208104,1996,2067.06004054054
1040633540,208104,1997,2146.63060810811
1040633540,208104,1998,2387.69402702703
1040633540,208104,1999,4121.67424324324
1040633540,208104,2000,2218.61148648649
1040633540,208104,2001,2023.54236486486
1040633540,208104,2002,2647.14043243243
1040633540,208104,2003,4023.09225675676
1040633540,208104,2004,1848.438
1040633540,208104,2005,1830.03291891892
1040633540,208104,2006,1378.60413513514
1040633540,208104,2007,2193.47597297297
1040633540,208104,2008,2560.29878378378
1040633540,208104,2009,4015.99316216216
1040633540,208104,2010,3090.24545945946
1040633540,208104,2011,3787.62522972973
1040633540,208104,2012,3805.86048648649
1040633540,208104,2013,4756.34635135135
1040633540,208104,2014,2262.90539189189
1040633540,208104,2015,5340.06104054054
1040633540,208104,2016,2648.37431081081
1040633540,208104,2017,2108.09527027027
1040633540,208104,2018,2943.75091891892
1040633540,208104,2019,4656.05747297297
1040633540,208104,2020,4771.12862162162
1040633540,208104,2021,4370.12031081081
1040633540,208104,2022,2380.20836486486
1040633540,208104,2023,2482.22309459459
1040633540,208104,2024,4615.59718918919
1040786690,208399,1981,283.837657534247
1040786690,208399,1982,163.980616438356
1040786690,208399,1983,102.361904109589
1040786690,208399,1984,90.447698630137
1040786690,208399,1985,476.428945205479
1040786690,208399,1986,501.895054794521
1040786690,208399,1987,396.316520547945
1040786690,208399,1988,636.45797260274
1040786690,208399,1989,573.516739726027
1040786690,208399,1990,270.726219178082
1040786690,208399,1991,625.358643835616
1040786690,208399,1992,299.434232876712
1040786690,208399,1993,567.617739726027
1040786690,208399,1994,949.697260273973
1040786690,208399,1995,270.326931506849
1040786690,208399,1996,545.19704109589
1040786690,208399,1997,239.331561643836
1040786690,208399,1998,383.087
1040786690,208399,1999,940.680232876712
1040786690,208399,2000,514.040821917808
1040786690,208399,2001,651.438904109589
1040786690,208399,2002,253.487904109589
1040786690,208399,2003,778.942863013699
1040786690,208399,2004,348.031356164384
1040786690,208399,2005,492.137849315068
1040786690,208399,2006,591.022054794521
1040786690,208399,2007,958.973712328767
1040786690,208399,2008,1004.05667123288
1040786690,208399,2009,852.332671232877
1040786690,208399,2010,1215.48167123288
1040786690,208399,2011,390.64902739726
1040786690,208399,2012,1188.17621917808
1040786690,208399,2013,448.223424657534
1040786690,208399,2014,581.012383561644
1040786690,208399,2015,1392.64650684932
1040786690,208399,2016,843.71295890411
1040786690,208399,2017,358.040931506849
1040786690,208399,2018,952.804931506849
1040786690,208399,2019,1002.90423287671
1040786690,208399,2020,766.581616438356
1040786690,208399,2021,978.74295890411
1040786690,208399,2022,911.905863013699
1040786690,208399,2023,659.709643835616
1040786690,208399,2024,798.32895890411
1040709280,208423,1981,45.8262191780822
1040709280,208423,1982,38.1061917808219
1040709280,208423,1983,35.0513561643836
1040709280,208423,1984,23.1148904109589
1040709280,208423,1985,92.6662328767123
1040709280,208423,1986,85.8079452054795
1040709280,208423,1987,55.4206438356164
1040709280,208423,1988,130.800287671233
1040709280,208423,1989,75.6758630136986
1040709280,208423,1990,63.6985342465753
1040709280,208423,1991,97.9015342465753
1040709280,208423,1992,61.9153561643836
1040709280,208423,1993,143.503671232877
1040709280,208423,1994,264.111410958904
1040709280,208423,1995,63.1665479452055
1040709280,208423,1996,80.315397260274
1040709280,208423,1997,42.0764657534247
1040709280,208423,1998,66.524698630137
1040709280,208423,1999,156.232534246575
1040709280,208423,2000,122.638712328767
1040709280,208423,2001,146.623890410959
1040709280,208423,2002,35.8338082191781
1040709280,208423,2003,190.980726027397
1040709280,208423,2004,79.5605479452055
1040709280,208423,2005,132.103904109589
1040709280,208423,2006,119.132219178082
1040709280,208423,2007,159.364383561644
1040709280,208423,2008,183.836205479452
1040709280,208423,2009,160.281863013699
1040709280,208423,2010,296.231575342466
1040709280,208423,2011,118.329547945205
1040709280,208423,2012,234.080136986301
1040709280,208423,2013,77.7667945205479
1040709280,208423,2014,112.057945205479
1040709280,208423,2015,353.170863013699
1040709280,208423,2016,151.06198630137
1040709280,208423,2017,58.427301369863
1040709280,208423,2018,169.740835616438
1040709280,208423,2019,262.181301369863
1040709280,208423,2020,179.102547945205
1040709280,208423,2021,196.414191780822
1040709280,208423,2022,185.536465753425
1040709280,208423,2023,136.39302739726
1040709280,208423,2024,251.505232876712
1040909900,208587,1981,11578.8073648649
1040909900,208587,1982,10012.5710405405
1040909900,208587,1983,7534.28444594595
1040909900,208587,1984,7907.74964864865
1040909900,208587,1985,10063.1690405405
1040909900,208587,1986,9957.81185135135
1040909900,208587,1987,10592.9569864865
1040909900,208587,1988,12566.6993513514
1040909900,208587,1989,12054.0700540541
1040909900,208587,1990,10725.8142297297
1040909900,208587,1991,11691.6179459459
1040909900,208587,1992,10669.5571351351
1040909900,208587,1993,12008.6436756757
1040909900,208587,1994,16124.9137162162
1040909900,208587,1995,10717.8554189189
1040909900,208587,1996,14660.7095540541
1040909900,208587,1997,9167.64783783784
1040909900,208587,1998,13370.1635810811
1040909900,208587,1999,20949.3275
1040909900,208587,2000,12044.2020540541
1040909900,208587,2001,12770.6835945946
1040909900,208587,2002,15599.7139324324
1040909900,208587,2003,12869.7077027027
1040909900,208587,2004,10476.2313378378
1040909900,208587,2005,9463.84731081081
1040909900,208587,2006,12565.7498243243
1040909900,208587,2007,12486.050972973
1040909900,208587,2008,12477.1347162162
1040909900,208587,2009,16055.7967702703
1040909900,208587,2010,15943.8207162162
1040909900,208587,2011,7746.78989189189
1040909900,208587,2012,15529.9723108108
1040909900,208587,2013,6960.37714864865
1040909900,208587,2014,10558.4047027027
1040909900,208587,2015,7386.97875675676
1040909900,208587,2016,11820.9852702703
1040909900,208587,2017,9222.96677027027
1040909900,208587,2018,10808.7470810811
1040909900,208587,2019,11131.9716756757
1040909900,208587,2020,14042.0838648649
1040909900,208587,2021,14858.4316081081
1040909900,208587,2022,15608.7971486486
1040909900,208587,2023,14955.5783918919
1040909900,208587,2024,14086.3637432432
1040760280,208588,1981,1672.35135135135
1040760280,208588,1982,1682.7045
1040760280,208588,1983,923.365662162162
1040760280,208588,1984,672.101040540541
1040760280,208588,1985,1308.09124324324
1040760280,208588,1986,1504.9795
1040760280,208588,1987,963.483256756757
1040760280,208588,1988,2902.23667567568
1040760280,208588,1989,2419.16848648649
1040760280,208588,1990,1385.98047297297
1040760280,208588,1991,2583.08575675676
1040760280,208588,1992,2434.82139189189
1040760280,208588,1993,1578.0705
1040760280,208588,1994,4261.8627972973
1040760280,208588,1995,1754.02294594595
1040760280,208588,1996,2004.96354054054
1040760280,208588,1997,1248.39583783784
1040760280,208588,1998,3272.10943243243
1040760280,208588,1999,3941.13262162162
1040760280,208588,2000,2314.72785135135
1040760280,208588,2001,1981.72852702703
1040760280,208588,2002,1572.21804054054
1040760280,208588,2003,4412.32371621622
1040760280,208588,2004,2257.48247297297
1040760280,208588,2005,2489.24504054054
1040760280,208588,2006,2392.14028378378
1040760280,208588,2007,3019.42501351351
1040760280,208588,2008,3142.01467567568
1040760280,208588,2009,2853.74941891892
1040760280,208588,2010,2874.68348648649
1040760280,208588,2011,2369.0475
1040760280,208588,2012,3573.64512162162
1040760280,208588,2013,2427.98921621622
1040760280,208588,2014,2452.33425675676
1040760280,208588,2015,2817.0692027027
1040760280,208588,2016,2539.57121621622
1040760280,208588,2017,2876.35686486486
1040760280,208588,2018,2496.74864864865
1040760280,208588,2019,2210.96744594595
1040760280,208588,2020,5400.44498648649
1040760280,208588,2021,2688.63248648649
1040760280,208588,2022,3164.88877027027
1040760280,208588,2023,2309.01744594595
1040760280,208588,2024,4614.89110810811
1040641660,208682,1981,2887.30367123288
1040641660,208682,1982,2326.45590410959
1040641660,208682,1983,1994.38156164384
1040641660,208682,1984,1589.76738356164
1040641660,208682,1985,3017.33424657534
1040641660,208682,1986,2880.46106849315
1040641660,208682,1987,2948.75639726027
1040641660,208682,1988,4025.22008219178
1040641660,208682,1989,4042.36868493151
1040641660,208682,1990,3479.46852054795
1040641660,208682,1991,3365.82584931507
1040641660,208682,1992,3423.66738356164
1040641660,208682,1993,3244.17109589041
1040641660,208682,1994,5107.99134246575
1040641660,208682,1995,4887.69706849315
1040641660,208682,1996,4944.46004109589
1040641660,208682,1997,4519.01580821918
1040641660,208682,1998,4242.85042465753
1040641660,208682,1999,5633.26261643836
1040641660,208682,2000,4026.21498630137
1040641660,208682,2001,3264.128
1040641660,208682,2002,2881.35710958904
1040641660,208682,2003,3477.53804109589
1040641660,208682,2004,2393.73276712329
1040641660,208682,2005,1575.17164383562
1040641660,208682,2006,2962.97530136986
1040641660,208682,2007,3191.1498630137
1040641660,208682,2008,4511.98002739726
1040641660,208682,2009,3743.85854794521
1040641660,208682,2010,4449.45608219178
1040641660,208682,2011,3943.53249315068
1040641660,208682,2012,4517.8834109589
1040641660,208682,2013,4143.01273972603
1040641660,208682,2014,4461.38194520548
1040641660,208682,2015,2714.73960273973
1040641660,208682,2016,3738.85002739726
1040641660,208682,2017,3278.05631506849
1040641660,208682,2018,4382.92995890411
1040641660,208682,2019,5664.69182191781
1040641660,208682,2020,5609.09980821918
1040641660,208682,2021,5109.25847945205
1040641660,208682,2022,4874.2122739726
1040641660,208682,2023,4228.82949315069
1040641660,208682,2024,6509.98010958904
1040873640,209937,1981,935.597633802817
1040873640,209937,1982,648.495450704225
1040873640,209937,1983,301.030253521127
1040873640,209937,1984,828.446746478873
1040873640,209937,1985,1659.74750704225
1040873640,209937,1986,1131.25870422535
1040873640,209937,1987,1924.8216056338
1040873640,209937,1988,1623.67018309859
1040873640,209937,1989,3085.47987323944
1040873640,209937,1990,927.822845070423
1040873640,209937,1991,2045.56847887324
1040873640,209937,1992,919.683633802817
1040873640,209937,1993,1470.81429577465
1040873640,209937,1994,1925.32095774648
1040873640,209937,1995,1194.64997183099
1040873640,209937,1996,1999.01845070423
1040873640,209937,1997,646.176929577465
1040873640,209937,1998,1120.99953521127
1040873640,209937,1999,2704.03632394366
1040873640,209937,2000,1236.62905633803
1040873640,209937,2001,1471.85326760563
1040873640,209937,2002,1170.75738028169
1040873640,209937,2003,2292.13057746479
1040873640,209937,2004,1378.13533802817
1040873640,209937,2005,1464.81109859155
1040873640,209937,2006,1553.98605633803
1040873640,209937,2007,2695.25464788732
1040873640,209937,2008,2780.80943661972
1040873640,209937,2009,2444.1766056338
1040873640,209937,2010,2829.10957746479
1040873640,209937,2011,1241.25266197183
1040873640,209937,2012,1986.4121971831
1040873640,209937,2013,1078.1634084507
1040873640,209937,2014,1514.73230985915
1040873640,209937,2015,2665.17645070423
1040873640,209937,2016,1738.19936619718
1040873640,209937,2017,787.997633802817
1040873640,209937,2018,2261.32538028169
1040873640,209937,2019,2302.98957746479
1040873640,209937,2020,2027.90818309859
1040873640,209937,2021,3414.52677464789
1040873640,209937,2022,2497.90792957746
1040873640,209937,2023,2161.69842253521
1040873640,209937,2024,2128.23722535211
1040021910,210292,1981,4112.77438888889
1040021910,210292,1982,3480.33177777778
1040021910,210292,1983,2030.48088888889
1040021910,210292,1984,3674.29494444444
1040021910,210292,1985,3346.78068055556
1040021910,210292,1986,3413.96111111111
1040021910,210292,1987,3373.85818055556
1040021910,210292,1988,2885.79694444444
1040021910,210292,1989,4309.90745833333
1040021910,210292,1990,3988.09101388889
1040021910,210292,1991,3134.74675
1040021910,210292,1992,2339.36354166667
1040021910,210292,1993,3328.86780555556
1040021910,210292,1994,3724.09619444444
1040021910,210292,1995,3845.87911111111
1040021910,210292,1996,4520.76497222222
1040021910,210292,1997,3714.26188888889
1040021910,210292,1998,3813.072375
1040021910,210292,1999,4709.243125
1040021910,210292,2000,3726.92138888889
1040021910,210292,2001,2991.85505555556
1040021910,210292,2002,3323.43745833333
1040021910,210292,2003,3124.872375
1040021910,210292,2004,2570.99018055556
1040021910,210292,2005,3024.48536111111
1040021910,210292,2006,3385.54106944444
1040021910,210292,2007,4549.59651388889
1040021910,210292,2008,2980.15456944444
1040021910,210292,2009,3857.33613888889
1040021910,210292,2010,3660.14305555556
1040021910,210292,2011,4063.28923611111
1040021910,210292,2012,2887.44368055556
1040021910,210292,2013,1701.71116666667
1040021910,210292,2014,2674.99241666667
1040021910,210292,2015,1712.48365277778
1040021910,210292,2016,3572.16123611111
1040021910,210292,2017,2073.31769444444
1040021910,210292,2018,2453.11343055556
1040021910,210292,2019,3315.78115277778
1040021910,210292,2020,3298.82897222222
1040021910,210292,2021,3419.88427777778
1040021910,210292,2022,2708.69372222222
1040021910,210292,2023,3472.97563888889
1040021910,210292,2024,2329.13202777778
1040023300,210869,1981,806.826945945946
1040023300,210869,1982,705.054743243243
1040023300,210869,1983,609.281324324324
1040023300,210869,1984,811.633243243243
1040023300,210869,1985,997.653067567568
1040023300,210869,1986,955.805554054054
1040023300,210869,1987,1194.42224324324
1040023300,210869,1988,1173.53989189189
1040023300,210869,1989,1643.73401351351
1040023300,210869,1990,1333.08716216216
1040023300,210869,1991,1630.77513513514
1040023300,210869,1992,1289.01362162162
1040023300,210869,1993,1211.9042972973
1040023300,210869,1994,1258.84493243243
1040023300,210869,1995,1349.85964864865
1040023300,210869,1996,1403.00609459459
1040023300,210869,1997,1242.57759459459
1040023300,210869,1998,1189.81259459459
1040023300,210869,1999,1570.77785135135
1040023300,210869,2000,1444.65759459459
1040023300,210869,2001,1206.36274324324
1040023300,210869,2002,1182.371
1040023300,210869,2003,1400.35572972973
1040023300,210869,2004,1392.8167972973
1040023300,210869,2005,1299.96612162162
1040023300,210869,2006,1207.69577027027
1040023300,210869,2007,1360.10267567568
1040023300,210869,2008,1669.54325675676
1040023300,210869,2009,1739.09614864865
1040023300,210869,2010,1662.21237837838
1040023300,210869,2011,1388.22597297297
1040023300,210869,2012,1255.1855
1040023300,210869,2013,1040.14418918919
1040023300,210869,2014,1021.98275675676
1040023300,210869,2015,1073.04798648649
1040023300,210869,2016,1272.39839189189
1040023300,210869,2017,1074.35313513514
1040023300,210869,2018,1126.33508108108
1040023300,210869,2019,1258.55918918919
1040023300,210869,2020,1265.558
1040023300,210869,2021,1622.55408108108
1040023300,210869,2022,1702.87555405405
1040023300,210869,2023,1800.70394594595
1040023300,210869,2024,1694.02998648649
1040644790,211778,1981,152.998506666667
1040644790,211778,1982,57.3062533333333
1040644790,211778,1983,11.2484933333333
1040644790,211778,1984,13.2820533333333
1040644790,211778,1985,112.220973333333
1040644790,211778,1986,52.6955466666667
1040644790,211778,1987,56.5833333333333
1040644790,211778,1988,115.09248
1040644790,211778,1989,199.117186666667
1040644790,211778,1990,10.0648533333333
1040644790,211778,1991,118.84564
1040644790,211778,1992,153.097826666667
1040644790,211778,1993,175.55324
1040644790,211778,1994,88.2230533333333
1040644790,211778,1995,186.719706666667
1040644790,211778,1996,47.76484
1040644790,211778,1997,33.4182533333333
1040644790,211778,1998,218.368466666667
1040644790,211778,1999,173.872573333333
1040644790,211778,2000,176.82504
1040644790,211778,2001,41.8971066666667
1040644790,211778,2002,46.8363333333333
1040644790,211778,2003,370.959186666667
1040644790,211778,2004,293.284146666667
1040644790,211778,2005,132.682973333333
1040644790,211778,2006,118.182173333333
1040644790,211778,2007,102.39844
1040644790,211778,2008,403.168253333333
1040644790,211778,2009,248.605266666667
1040644790,211778,2010,342.142213333333
1040644790,211778,2011,338.881666666667
1040644790,211778,2012,410.144986666667
1040644790,211778,2013,219.051586666667
1040644790,211778,2014,348.939173333333
1040644790,211778,2015,583.097906666667
1040644790,211778,2016,306.228213333333
1040644790,211778,2017,96.0998933333333
1040644790,211778,2018,249.983653333333
1040644790,211778,2019,153.859173333333
1040644790,211778,2020,890.2616
1040644790,211778,2021,181.781813333333
1040644790,211778,2022,137.06896
1040644790,211778,2023,74.95852
1040644790,211778,2024,256.5974
1040786860,211871,1981,54.8073913043478
1040786860,211871,1982,56.7084202898551
1040786860,211871,1983,29.0926956521739
1040786860,211871,1984,33.0338550724638
1040786860,211871,1985,174.950217391304
1040786860,211871,1986,153.573869565217
1040786860,211871,1987,160.290797101449
1040786860,211871,1988,152.135652173913
1040786860,211871,1989,177.66052173913
1040786860,211871,1990,112.664652173913
1040786860,211871,1991,140.073913043478
1040786860,211871,1992,37.7027246376812
1040786860,211871,1993,156.951811594203
1040786860,211871,1994,120.846304347826
1040786860,211871,1995,78.8683768115942
1040786860,211871,1996,173.673405797101
1040786860,211871,1997,69.8602028985507
1040786860,211871,1998,99.8413333333333
1040786860,211871,1999,220.286173913043
1040786860,211871,2000,180.030913043478
1040786860,211871,2001,129.982913043478
1040786860,211871,2002,96.3168260869565
1040786860,211871,2003,167.158260869565
1040786860,211871,2004,45.1315362318841
1040786860,211871,2005,63.4589855072464
1040786860,211871,2006,146.287797101449
1040786860,211871,2007,91.4233188405797
1040786860,211871,2008,168.333869565217
1040786860,211871,2009,141.947086956522
1040786860,211871,2010,224.818985507246
1040786860,211871,2011,78.842115942029
1040786860,211871,2012,82.5876811594203
1040786860,211871,2013,83.6028260869565
1040786860,211871,2014,143.902652173913
1040786860,211871,2015,281.724782608696
1040786860,211871,2016,106.348492753623
1040786860,211871,2017,43.0751304347826
1040786860,211871,2018,294.015666666667
1040786860,211871,2019,208.093753623188
1040786860,211871,2020,197.956246376812
1040786860,211871,2021,304.921826086957
1040786860,211871,2022,242.945724637681
1040786860,211871,2023,162.091898550725
1040786860,211871,2024,200.461579710145
1040909890,211990,1981,3539.1117027027
1040909890,211990,1982,3283.13333783784
1040909890,211990,1983,2529.45743243243
1040909890,211990,1984,2251.06262162162
1040909890,211990,1985,3477.51905405405
1040909890,211990,1986,3262.09040540541
1040909890,211990,1987,3495.63995945946
1040909890,211990,1988,4022.9975
1040909890,211990,1989,3066.45808108108
1040909890,211990,1990,2973.42294594595
1040909890,211990,1991,5537.81008108108
1040909890,211990,1992,4129.02743243243
1040909890,211990,1993,3599.5297027027
1040909890,211990,1994,8061.49991891892
1040909890,211990,1995,3681.49216216216
1040909890,211990,1996,4227.54374324324
1040909890,211990,1997,3026.13081081081
1040909890,211990,1998,5089.40206756757
1040909890,211990,1999,8960.56693243243
1040909890,211990,2000,5745.78875675676
1040909890,211990,2001,5010.71074324324
1040909890,211990,2002,4239.43887837838
1040909890,211990,2003,7096.25941891892
1040909890,211990,2004,4316.42056756757
1040909890,211990,2005,3546.13382432432
1040909890,211990,2006,4165.26545945946
1040909890,211990,2007,4323.80064864865
1040909890,211990,2008,5984.10848648649
1040909890,211990,2009,5892.72204054054
1040909890,211990,2010,5372.88071621622
1040909890,211990,2011,2878.04087837838
1040909890,211990,2012,7167.38539189189
1040909890,211990,2013,2467.15539189189
1040909890,211990,2014,4576.35395945946
1040909890,211990,2015,3379.52087837838
1040909890,211990,2016,5136.71151351351
1040909890,211990,2017,4659.90425675676
1040909890,211990,2018,4145.58947297297
1040909890,211990,2019,4075.79939189189
1040909890,211990,2020,9148.97118918919
1040909890,211990,2021,5988.07868918919
1040909890,211990,2022,7336.90072972973
1040909890,211990,2023,6680.37935135135
1040909890,211990,2024,7248.44893243243
1040722570,212076,1981,45.8000684931507
1040722570,212076,1982,39.9583424657534
1040722570,212076,1983,19.0154794520548
1040722570,212076,1984,0.606328767123288
1040722570,212076,1985,8.28419178082192
1040722570,212076,1986,52.0361232876712
1040722570,212076,1987,3.68184931506849
1040722570,212076,1988,68.3735068493151
1040722570,212076,1989,42.3635616438356
1040722570,212076,1990,20.6987534246575
1040722570,212076,1991,141.323917808219
1040722570,212076,1992,113.298520547945
1040722570,212076,1993,14.0236438356164
1040722570,212076,1994,204.945219178082
1040722570,212076,1995,11.3643698630137
1040722570,212076,1996,7.0637397260274
1040722570,212076,1997,1.01527397260274
1040722570,212076,1998,274.531465753425
1040722570,212076,1999,447.731301369863
1040722570,212076,2000,93.6440410958904
1040722570,212076,2001,48.1323287671233
1040722570,212076,2002,111.296890410959
1040722570,212076,2003,49.4738082191781
1040722570,212076,2004,24.1876849315068
1040722570,212076,2005,57.803095890411
1040722570,212076,2006,29.2601643835616
1040722570,212076,2007,178.401684931507
1040722570,212076,2008,39.801904109589
1040722570,212076,2009,90.0599178082192
1040722570,212076,2010,122.580178082192
1040722570,212076,2011,15.5934246575342
1040722570,212076,2012,136.019205479452
1040722570,212076,2013,92.530602739726
1040722570,212076,2014,77.1195616438356
1040722570,212076,2015,47.8687808219178
1040722570,212076,2016,63.6163424657534
1040722570,212076,2017,71.5711917808219
1040722570,212076,2018,74.1605342465753
1040722570,212076,2019,37.3670136986301
1040722570,212076,2020,338.031575342466
1040722570,212076,2021,113.924356164384
1040722570,212076,2022,62.2537945205479
1040722570,212076,2023,43.5968767123288
1040722570,212076,2024,499.118136986301
1040021920,214490,1981,65.1823176470588
1040021920,214490,1982,71.1200352941176
1040021920,214490,1983,38.6611529411765
1040021920,214490,1984,34.8007176470588
1040021920,214490,1985,65.5795529411765
1040021920,214490,1986,45.4620941176471
1040021920,214490,1987,59.6300705882353
1040021920,214490,1988,57.4602235294118
1040021920,214490,1989,79.2000352941176
1040021920,214490,1990,69.1967294117647
1040021920,214490,1991,65.4115058823529
1040021920,214490,1992,71.0835529411765
1040021920,214490,1993,60.3106117647059
1040021920,214490,1994,79.4443882352941
1040021920,214490,1995,94.7121529411765
1040021920,214490,1996,82.2939764705882
1040021920,214490,1997,89.0049529411765
1040021920,214490,1998,46.9497058823529
1040021920,214490,1999,61.3282941176471
1040021920,214490,2000,70.9547882352941
1040021920,214490,2001,64.3700705882353
1040021920,214490,2002,63.5012352941176
1040021920,214490,2003,55.7954
1040021920,214490,2004,53.6304941176471
1040021920,214490,2005,95.5223882352941
1040021920,214490,2006,68.7281529411765
1040021920,214490,2007,74.7152235294118
1040021920,214490,2008,72.2713058823529
1040021920,214490,2009,66.6315882352941
1040021920,214490,2010,61.8320470588235
1040021920,214490,2011,91.7110941176471
1040021920,214490,2012,48.8678588235294
1040021920,214490,2013,27.8579647058824
1040021920,214490,2014,36.3084470588235
1040021920,214490,2015,17.2849764705882
1040021920,214490,2016,84.0619411764706
1040021920,214490,2017,36.5745647058824
1040021920,214490,2018,44.5208352941176
1040021920,214490,2019,38.5282705882353
1040021920,214490,2020,90.4835294117647
1040021920,214490,2021,53.1627411764706
1040021920,214490,2022,41.7206705882353
1040021920,214490,2023,53.2624588235294
1040021920,214490,2024,45.5918235294118
1040021940,214737,1981,555.440791666667
1040021940,214737,1982,367.603541666667
1040021940,214737,1983,305.9871875
1040021940,214737,1984,443.292479166667
1040021940,214737,1985,545.451208333333
1040021940,214737,1986,386.786083333333
1040021940,214737,1987,648.225291666667
1040021940,214737,1988,674.212395833333
1040021940,214737,1989,670.512333333333
1040021940,214737,1990,632.5745
1040021940,214737,1991,466.086041666667
1040021940,214737,1992,403.1646875
1040021940,214737,1993,577.3051875
1040021940,214737,1994,834.967625
1040021940,214737,1995,576.035020833333
1040021940,214737,1996,832.047791666667
1040021940,214737,1997,344.127416666667
1040021940,214737,1998,312.898270833333
1040021940,214737,1999,814.351625
1040021940,214737,2000,524.590541666667
1040021940,214737,2001,468.620791666667
1040021940,214737,2002,512.228541666667
1040021940,214737,2003,606.624333333333
1040021940,214737,2004,341.6266875
1040021940,214737,2005,439.110520833333
1040021940,214737,2006,741.643375
1040021940,214737,2007,643.406979166667
1040021940,214737,2008,596.672958333333
1040021940,214737,2009,562.965229166667
1040021940,214737,2010,429.2895625
1040021940,214737,2011,581.367791666667
1040021940,214737,2012,410.596479166667
1040021940,214737,2013,118.6821875
1040021940,214737,2014,379.596020833333
1040021940,214737,2015,98.8118541666667
1040021940,214737,2016,779.368395833333
1040021940,214737,2017,258.941166666667
1040021940,214737,2018,536.448291666667
1040021940,214737,2019,461.4494375
1040021940,214737,2020,725.043166666667
1040021940,214737,2021,751.950229166667
1040021940,214737,2022,260.473979166667
1040021940,214737,2023,536.463229166667
1040021940,214737,2024,222.341854166667
1040040190,217677,1981,3.06080821917808
1040040190,217677,1982,0.000301369863013699
1040040190,217677,1983,0.000246575342465753
1040040190,217677,1984,0
1040040190,217677,1985,0.00187671232876712
1040040190,217677,1986,8.18287671232877
1040040190,217677,1987,0.713520547945205
1040040190,217677,1988,20.5584657534247
1040040190,217677,1989,10.6302602739726
1040040190,217677,1990,1.07260273972603
1040040190,217677,1991,12.2576438356164
1040040190,217677,1992,2.64123287671233
1040040190,217677,1993,2.15830136986301
1040040190,217677,1994,11.6843698630137
1040040190,217677,1995,8.75635616438356
1040040190,217677,1996,4.50708219178082
1040040190,217677,1997,2.21458904109589
1040040190,217677,1998,10.6663698630137
1040040190,217677,1999,21.5475616438356
1040040190,217677,2000,12.2708082191781
1040040190,217677,2001,16.5882328767123
1040040190,217677,2002,5.64321917808219
1040040190,217677,2003,10.0052191780822
1040040190,217677,2004,0.782520547945206
1040040190,217677,2005,9.91456164383562
1040040190,217677,2006,21.4149863013699
1040040190,217677,2007,22.126397260274
1040040190,217677,2008,20.2341369863014
1040040190,217677,2009,9.33253424657534
1040040190,217677,2010,1.97493150684932
1040040190,217677,2011,8.25831506849315
1040040190,217677,2012,6.61902739726027
1040040190,217677,2013,5.71249315068493
1040040190,217677,2014,4.24230136986301
1040040190,217677,2015,9.11468493150685
1040040190,217677,2016,15.0032465753425
1040040190,217677,2017,4.95631506849315
1040040190,217677,2018,36.5520410958904
1040040190,217677,2019,4.67720547945205
1040040190,217677,2020,25.3816438356164
1040040190,217677,2021,1.64441095890411
1040040190,217677,2022,3.23267123287671
1040040190,217677,2023,6.44132876712329
1040040190,217677,2024,25.529
1040026820,218298,1981,7.95204054054054
1040026820,218298,1982,8.48541891891892
1040026820,218298,1983,4.33789189189189
1040026820,218298,1984,5.73152702702703
1040026820,218298,1985,10.2252702702703
1040026820,218298,1986,8.41772972972973
1040026820,218298,1987,8.99514864864865
1040026820,218298,1988,16.6966486486486
1040026820,218298,1989,13.0301891891892
1040026820,218298,1990,6.52590540540541
1040026820,218298,1991,7.26508108108108
1040026820,218298,1992,7.54805405405405
1040026820,218298,1993,9.70368918918919
1040026820,218298,1994,9.23048648648649
1040026820,218298,1995,11.4735675675676
1040026820,218298,1996,8.58891891891892
1040026820,218298,1997,7.36283783783784
1040026820,218298,1998,8.21074324324324
1040026820,218298,1999,12.1650135135135
1040026820,218298,2000,10.9278108108108
1040026820,218298,2001,9.02322972972973
1040026820,218298,2002,5.83113513513513
1040026820,218298,2003,10.5916621621622
1040026820,218298,2004,7.41082432432432
1040026820,218298,2005,15.2288918918919
1040026820,218298,2006,12.5614189189189
1040026820,218298,2007,10.5146081081081
1040026820,218298,2008,12.1986081081081
1040026820,218298,2009,17.6961081081081
1040026820,218298,2010,17.5925810810811
1040026820,218298,2011,8.42709459459459
1040026820,218298,2012,15.5287702702703
1040026820,218298,2013,15.2489594594595
1040026820,218298,2014,6.18622972972973
1040026820,218298,2015,18.8015810810811
1040026820,218298,2016,10.5858378378378
1040026820,218298,2017,7.14389189189189
1040026820,218298,2018,8.71567567567568
1040026820,218298,2019,9.91441891891892
1040026820,218298,2020,16.3061351351351
1040026820,218298,2021,30.8043378378378
1040026820,218298,2022,44.7306756756757
1040026820,218298,2023,20.8066756756757
1040026820,218298,2024,20.9393243243243
