HYBAS_ID,DATE,Q
200156,1981,2000.38
200415,1981,76.02
200426,1981,210.81
200425,1981,245.28
200445,1981,135.01
200503,1981,40.04
200936,1981,199.07
201094,1981,192.78
203181,1981,126.29
203659,1981,2459.4
203840,1981,107.9
204325,1981,53.51
204338,1981,94.93
204715,1981,79.11
204737,1981,44.1
204744,1981,564.5
204835,1981,680.59
204842,1981,616.29
204848,1981,616.5
205042,1981,316.15
205073,1981,44.44
205303,1981,1355.85
205301,1981,237.97
205305,1981,1179.81
205308,1981,267.69
205315,1981,180.05
205318,1981,1048.74
205317,1981,1120.23
205316,1981,1169.9
205323,1981,290.51
205326,1981,1070.16
205330,1981,315.58
205328,1981,811.2
205332,1981,432.58
205337,1981,271.83
205350,1981,841.33
205355,1981,497.82
205352,1981,169.83
205356,1981,235.31
205362,1981,112.33
205361,1981,210.74
206026,1981,47.49
206263,1981,476.04
207590,1981,1655.23
207866,1981,102.61
208022,1981,86.81
208157,1981,922.38
208187,1981,596.8
208191,1981,415.77
208193,1981,158.09
208192,1981,286.74
208203,1981,702.32
208210,1981,292.87
208213,1981,170.04
208216,1981,1812.57
208222,1981,587.84
208220,1981,1673.83
208363,1981,912.72
208450,1981,77.55
208860,1981,29.04
208919,1981,909.82
208934,1981,207.77
209852,1981,1205.73
209873,1981,893.16
209878,1981,148.43
209979,1981,95.01
210032,1981,309.61
210404,1981,93.43
210494,1981,25.79
210523,1981,42.91
210901,1981,55.16
210966,1981,1445.76
211083,1981,161.58
211096,1981,69.72
211142,1981,141.99
211494,1981,137.39
211534,1981,343.22
211679,1981,162.03
212067,1981,53.61
212100,1981,155.43
212178,1981,122.42
212690,1981,93.53
213233,1981,187.16
213763,1981,72.67
213790,1981,1933.06
214374,1981,147.1
214443,1981,613.64
215732,1981,58.19
215984,1981,192.17
216170,1981,149.82
216328,1981,189.89
216366,1981,146.76
216660,1981,26.16
216856,1981,14.51
216977,1981,98.07
200156,1982,1774.98
200415,1982,70.16
200426,1982,189.99
200425,1982,222.04
200445,1982,103.34
200503,1982,34.79
200936,1982,224.14
201094,1982,193.31
203181,1982,113.26
203659,1982,2135.24
203840,1982,114.8
204325,1982,30.22
204338,1982,51.21
204715,1982,48.11
204737,1982,26.32
204744,1982,370.94
204835,1982,748.24
204842,1982,676.28
204848,1982,676.68
205042,1982,223.91
205073,1982,51.07
205303,1982,1071.01
205301,1982,232.32
205305,1982,970.71
205308,1982,244.74
205315,1982,181.55
205318,1982,796.56
205317,1982,867.71
205316,1982,865.7
205323,1982,239.1
205326,1982,819.42
205330,1982,245.56
205328,1982,565.92
205332,1982,297.64
205337,1982,184.78
205350,1982,607.28
205355,1982,327.89
205352,1982,122.3
205356,1982,141.95
205362,1982,72.71
205361,1982,148.29
206026,1982,35.24
206263,1982,434.29
207590,1982,1397.15
207866,1982,114.57
208022,1982,80.39
208157,1982,727.16
208187,1982,423.98
208191,1982,292.31
208193,1982,110.18
208192,1982,199.72
208203,1982,541.81
208210,1982,167.43
208213,1982,92.61
208216,1982,1588.25
208222,1982,430.92
208220,1982,1433.71
208363,1982,989.61
208450,1982,75.39
208860,1982,16.19
208919,1982,705.7
208934,1982,133.18
209852,1982,943.55
209873,1982,619.76
209878,1982,121.26
209979,1982,77.75
210032,1982,230.21
210404,1982,72.08
210494,1982,19.47
210523,1982,27.27
210901,1982,31.92
210966,1982,1194.61
211083,1982,176.36
211096,1982,57.23
211142,1982,99.77
211494,1982,79.99
211534,1982,251.7
211679,1982,105.03
212067,1982,71.56
212100,1982,120.14
212178,1982,83.74
212690,1982,67.34
213233,1982,192.36
213763,1982,79.06
213790,1982,1431.82
214374,1982,121.13
214443,1982,414.02
215732,1982,39.66
215984,1982,198.62
216170,1982,141.92
216328,1982,193.67
216366,1982,160.99
216660,1982,25.58
216856,1982,15.24
216977,1982,86.84
200156,1983,1584.04
200415,1983,70.3
200426,1983,112.78
200425,1983,135.3
200445,1983,110.2
200503,1983,41.79
200936,1983,218.25
201094,1983,153.22
203181,1983,127.7
203659,1983,2011.55
203840,1983,89
204325,1983,34.16
204338,1983,36.97
204715,1983,37.08
204737,1983,34.44
204744,1983,503.84
204835,1983,690.57
204842,1983,632.02
204848,1983,632.17
205042,1983,251.82
205073,1983,42.18
205303,1983,1094.56
205301,1983,194.4
205305,1983,878.63
205308,1983,225.45
205315,1983,158.4
205318,1983,783.33
205317,1983,835.48
205316,1983,788.06
205323,1983,204.24
205326,1983,853.94
205330,1983,233.08
205328,1983,642.14
205332,1983,337.59
205337,1983,225.57
205350,1983,689.38
205355,1983,450.95
205352,1983,118.87
205356,1983,223.58
205362,1983,82.19
205361,1983,179.69
206026,1983,42.58
206263,1983,464.25
207590,1983,1243.8
207866,1983,95.86
208022,1983,86.38
208157,1983,693.03
208187,1983,467.46
208191,1983,330.1
208193,1983,111.64
208192,1983,220.61
208203,1983,528.47
208210,1983,201.61
208213,1983,114.11
208216,1983,1422.6
208222,1983,412.97
208220,1983,1305.65
208363,1983,895.83
208450,1983,64.86
208860,1983,25.47
208919,1983,659.63
208934,1983,118.33
209852,1983,917.6
209873,1983,763.16
209878,1983,202.25
209979,1983,113.06
210032,1983,231.25
210404,1983,71.93
210494,1983,25.9
210523,1983,26.89
210901,1983,24.63
210966,1983,1100.95
211083,1983,127.42
211096,1983,57.2
211142,1983,116.24
211494,1983,131.28
211534,1983,219
211679,1983,93.11
212067,1983,67.93
212100,1983,109.4
212178,1983,81.86
212690,1983,60.97
213233,1983,151.04
213763,1983,61.81
213790,1983,1604.65
214374,1983,193.67
214443,1983,435.18
215732,1983,44.25
215984,1983,172.86
216170,1983,184.82
216328,1983,200.33
216366,1983,130.33
216660,1983,31.28
216856,1983,11.23
216977,1983,132.64
200156,1984,1200.1
200415,1984,51.5
200426,1984,99.78
200425,1984,118.67
200445,1984,67.88
200503,1984,28.13
200936,1984,155.69
201094,1984,100.74
203181,1984,82.84
203659,1984,1644.44
203840,1984,46.92
204325,1984,13.24
204338,1984,17.47
204715,1984,26.58
204737,1984,27.42
204744,1984,422.74
204835,1984,529.11
204842,1984,475.11
204848,1984,475.31
205042,1984,199.83
205073,1984,34.37
205303,1984,807.94
205301,1984,162.3
205305,1984,825.32
205308,1984,146.22
205315,1984,127.68
205318,1984,616.87
205317,1984,655.01
205316,1984,571.33
205323,1984,175.77
205326,1984,626.34
205330,1984,226.95
205328,1984,487.28
205332,1984,285.13
205337,1984,158.85
205350,1984,447.97
205355,1984,385.24
205352,1984,117.03
205356,1984,192.62
205362,1984,58.45
205361,1984,153.11
206026,1984,39.48
206263,1984,280.45
207590,1984,1096.22
207866,1984,82.34
208022,1984,51.88
208157,1984,661.83
208187,1984,355.44
208191,1984,257.08
208193,1984,109.43
208192,1984,201.58
208203,1984,512.89
208210,1984,150.41
208213,1984,85.53
208216,1984,1063.99
208222,1984,263.71
208220,1984,959.18
208363,1984,713.71
208450,1984,52.06
208860,1984,15.75
208919,1984,434.67
208934,1984,104.77
209852,1984,705.01
209873,1984,594.11
209878,1984,110.46
209979,1984,68.64
210032,1984,221.93
210404,1984,65.24
210494,1984,25.51
210523,1984,17.15
210901,1984,16.93
210966,1984,794.02
211083,1984,83.27
211096,1984,57.8
211142,1984,80.7
211494,1984,105.86
211534,1984,185.9
211679,1984,73.04
212067,1984,46.66
212100,1984,104.87
212178,1984,80.58
212690,1984,35.42
213233,1984,81.01
213763,1984,42.67
213790,1984,1141.2
214374,1984,107.98
214443,1984,301.82
215732,1984,28.1
215984,1984,111.16
216170,1984,101.36
216328,1984,116.8
216366,1984,90.79
216660,1984,17.82
216856,1984,6.83
216977,1984,70.72
200156,1985,1621.81
200415,1985,46.53
200426,1985,103.11
200425,1985,120.28
200445,1985,73.48
200503,1985,22.43
200936,1985,202.92
201094,1985,119.7
203181,1985,62.28
203659,1985,1412.92
203840,1985,74.57
204325,1985,45.44
204338,1985,51.57
204715,1985,43.94
204737,1985,40.97
204744,1985,612.39
204835,1985,804.33
204842,1985,735.3
204848,1985,735.59
205042,1985,208.85
205073,1985,42.07
205303,1985,806.95
205301,1985,159.02
205305,1985,735.67
205308,1985,162.13
205315,1985,112.35
205318,1985,680.09
205317,1985,722.77
205316,1985,931.92
205323,1985,192.77
205326,1985,727.78
205330,1985,172.03
205328,1985,566.08
205332,1985,342.53
205337,1985,180
205350,1985,496.98
205355,1985,562.55
205352,1985,128.76
205356,1985,275.37
205362,1985,114.14
205361,1985,237.07
206026,1985,47.46
206263,1985,245.7
207590,1985,959.02
207866,1985,97.95
208022,1985,44.92
208157,1985,576.84
208187,1985,383.71
208191,1985,270.74
208193,1985,144.8
208192,1985,251.48
208203,1985,447.13
208210,1985,296.47
208213,1985,176.53
208216,1985,1491.33
208222,1985,603.66
208220,1985,1377.1
208363,1985,1024.92
208450,1985,48.75
208860,1985,34.55
208919,1985,764.95
208934,1985,108.4
209852,1985,749.74
209873,1985,825.71
209878,1985,56.02
209979,1985,41.92
210032,1985,227.88
210404,1985,58.9
210494,1985,34.83
210523,1985,45.25
210901,1985,31.08
210966,1985,1222.3
211083,1985,104.32
211096,1985,50.23
211142,1985,97.24
211494,1985,163.57
211534,1985,177.9
211679,1985,103.91
212067,1985,65.07
212100,1985,73.16
212178,1985,110.63
212690,1985,92.03
213233,1985,136.53
213763,1985,47.41
213790,1985,1445.05
214374,1985,56.06
214443,1985,571.26
215732,1985,39.45
215984,1985,120.82
216170,1985,71.37
216328,1985,111.93
216366,1985,96.7
216660,1985,13.2
216856,1985,9.33
216977,1985,35.55
200156,1986,2011.06
200415,1986,47.43
200426,1986,107.31
200425,1986,124.21
200445,1986,86.95
200503,1986,26.03
200936,1986,210.34
201094,1986,132.96
203181,1986,76.56
203659,1986,2243.36
203840,1986,93.02
204325,1986,22.8
204338,1986,40.79
204715,1986,81.85
204737,1986,31.02
204744,1986,335.01
204835,1986,527.4
204842,1986,483.59
204848,1986,483.68
205042,1986,273.01
205073,1986,29.84
205303,1986,1045.06
205301,1986,134.15
205305,1986,1509.76
205308,1986,190.69
205315,1986,283.74
205318,1986,842.24
205317,1986,896.18
205316,1986,1215.05
205323,1986,249.07
205326,1986,719.49
205330,1986,573.51
205328,1986,531.15
205332,1986,271.57
205337,1986,167.56
205350,1986,535.42
205355,1986,289.82
205352,1986,180.71
205356,1986,148.01
205362,1986,52.39
205361,1986,107.76
206026,1986,26.56
206263,1986,327.04
207590,1986,1766.09
207866,1986,69.2
208022,1986,58.7
208157,1986,1344.33
208187,1986,476.51
208191,1986,348.87
208193,1986,94.89
208192,1986,172.08
208203,1986,1064.79
208210,1986,200.88
208213,1986,110.79
208216,1986,1900.28
208222,1986,405
208220,1986,1817.04
208363,1986,680.8
208450,1986,43.34
208860,1986,13.59
208919,1986,690.1
208934,1986,315.63
209852,1986,949.24
209873,1986,555.02
209878,1986,95.81
209979,1986,59.83
210032,1986,359.38
210404,1986,117.67
210494,1986,14.44
210523,1986,33.12
210901,1986,38.43
210966,1986,1494.49
211083,1986,117.6
211096,1986,107.55
211142,1986,93.59
211494,1986,78.74
211534,1986,531.41
211679,1986,179.27
212067,1986,44.95
212100,1986,304.9
212178,1986,73.06
212690,1986,77.79
213233,1986,169.55
213763,1986,52.48
213790,1986,1232.2
214374,1986,93.44
214443,1986,463.82
215732,1986,39.71
215984,1986,138.22
216170,1986,104.33
216328,1986,139.69
216366,1986,110.23
216660,1986,18.8
216856,1986,10.88
216977,1986,64.53
200156,1987,1209.74
200415,1987,39.14
200426,1987,60.7
200425,1987,71.62
200445,1987,93.9
200503,1987,23.02
200936,1987,158.03
201094,1987,140.41
203181,1987,59.4
203659,1987,1379.7
203840,1987,74.21
204325,1987,31.64
204338,1987,35.87
204715,1987,51.86
204737,1987,27.95
204744,1987,457.85
204835,1987,440.94
204842,1987,401.28
204848,1987,401.37
205042,1987,258.04
205073,1987,25.47
205303,1987,812.55
205301,1987,103.64
205305,1987,830.12
205308,1987,153.59
205315,1987,120.54
205318,1987,673.08
205317,1987,707.61
205316,1987,673.61
205323,1987,163.79
205326,1987,803.21
205330,1987,262.68
205328,1987,625.6
205332,1987,389.65
205337,1987,236.98
205350,1987,651.13
205355,1987,411.03
205352,1987,159.9
205356,1987,162.87
205362,1987,89.41
205361,1987,200.45
206026,1987,52.79
206263,1987,257.83
207590,1987,999.73
207866,1987,59.35
208022,1987,46.05
208157,1987,730.29
208187,1987,425.77
208191,1987,322.76
208193,1987,148.39
208192,1987,276.74
208203,1987,605.05
208210,1987,143.26
208213,1987,75.93
208216,1987,1115.28
208222,1987,259.52
208220,1987,1047.5
208363,1987,582.78
208450,1987,33.17
208860,1987,20.63
208919,1987,524.1
208934,1987,162.22
209852,1987,737.67
209873,1987,705.21
209878,1987,86.42
209979,1987,53.27
210032,1987,287.35
210404,1987,64.94
210494,1987,28.23
210523,1987,19.42
210901,1987,31.36
210966,1987,897.14
211083,1987,117.83
211096,1987,65.62
211142,1987,121.55
211494,1987,93.25
211534,1987,256.03
211679,1987,107.98
212067,1987,46.09
212100,1987,121.69
212178,1987,109.92
212690,1987,45.7
213233,1987,123.23
213763,1987,49.22
213790,1987,1500.3
214374,1987,81.85
214443,1987,329.88
215732,1987,37.34
215984,1987,127.68
216170,1987,93.6
216328,1987,126.91
216366,1987,97.64
216660,1987,16.98
216856,1987,10.84
216977,1987,55.94
200156,1988,1792.76
200415,1988,55.54
200426,1988,156.17
200425,1988,180.99
200445,1988,88.11
200503,1988,28.64
200936,1988,182.44
201094,1988,163.09
203181,1988,85.59
203659,1988,2058.08
203840,1988,103.45
204325,1988,92.8
204338,1988,158.43
204715,1988,99.67
204737,1988,36.8
204744,1988,672.6
204835,1988,594.93
204842,1988,539.19
204848,1988,539.32
205042,1988,274.99
205073,1988,36.78
205303,1988,1118.23
205301,1988,182.46
205305,1988,1166.12
205308,1988,242.62
205315,1988,160.58
205318,1988,903
205317,1988,970.1
205316,1988,1096
205323,1988,259
205326,1988,994.09
205330,1988,343.01
205328,1988,739.6
205332,1988,451.64
205337,1988,215.78
205350,1988,589.87
205355,1988,625.23
205352,1988,203.95
205356,1988,258.93
205362,1988,183.35
205361,1988,315.02
206026,1988,53.97
206263,1988,394.67
207590,1988,1496.12
207866,1988,85.84
208022,1988,72
208157,1988,977.03
208187,1988,502.52
208191,1988,354.92
208193,1988,211.99
208192,1988,339.29
208203,1988,777.54
208210,1988,274.26
208213,1988,164.93
208216,1988,1651.55
208222,1988,563.89
208220,1988,1543.37
208363,1988,791.81
208450,1988,56.12
208860,1988,43.09
208919,1988,746.49
208934,1988,201.96
209852,1988,1024.78
209873,1988,888.15
209878,1988,93.58
209979,1988,59.45
210032,1988,351.63
210404,1988,89.89
210494,1988,36.43
210523,1988,42.71
210901,1988,80.38
210966,1988,1344.82
211083,1988,183.59
211096,1988,80.24
211142,1988,103.91
211494,1988,160.28
211534,1988,320.75
211679,1988,149.79
212067,1988,47.54
212100,1988,163.16
212178,1988,172.34
212690,1988,86.7
213233,1988,161.8
213763,1988,99.18
213790,1988,1633.27
214374,1988,88.76
214443,1988,531.21
215732,1988,36.13
215984,1988,235.41
216170,1988,135.21
216328,1988,212.74
216366,1988,225.28
216660,1988,27.66
216856,1988,13.46
216977,1988,68.55
200156,1989,1327.17
200415,1989,58.31
200426,1989,135.49
200425,1989,158.89
200445,1989,73.63
200503,1989,30.25
200936,1989,135.38
201094,1989,144.04
203181,1989,86.78
203659,1989,1674.51
203840,1989,92.06
204325,1989,40.64
204338,1989,57.29
204715,1989,63.36
204737,1989,28.75
204744,1989,500.56
204835,1989,557.77
204842,1989,500.42
204848,1989,500.49
205042,1989,198.43
205073,1989,34.05
205303,1989,845.11
205301,1989,193.39
205305,1989,786.84
205308,1989,183.94
205315,1989,93.07
205318,1989,672.68
205317,1989,717.89
205316,1989,753.44
205323,1989,200.95
205326,1989,750.4
205330,1989,174.98
205328,1989,555.21
205332,1989,334.55
205337,1989,166.95
205350,1989,479
205355,1989,462.14
205352,1989,141.19
205356,1989,207.47
205362,1989,102.2
205361,1989,212.03
206026,1989,45.06
206263,1989,305.82
207590,1989,1093.11
207866,1989,83.48
208022,1989,57.71
208157,1989,595.31
208187,1989,368.81
208191,1989,258.57
208193,1989,149.19
208192,1989,249.57
208203,1989,459.93
208210,1989,174.22
208213,1989,99.44
208216,1989,1175.96
208222,1989,411.04
208220,1989,1068.64
208363,1989,766.49
208450,1989,58.21
208860,1989,25.44
208919,1989,598.54
208934,1989,132.88
209852,1989,757.28
209873,1989,697.05
209878,1989,89.11
209979,1989,63.34
210032,1989,236.07
210404,1989,59.8
210494,1989,29.51
210523,1989,23.97
210901,1989,45.37
210966,1989,942.14
211083,1989,134.83
211096,1989,49.17
211142,1989,87.92
211494,1989,122.99
211534,1989,193.54
211679,1989,113.65
212067,1989,39.95
212100,1989,75.64
212178,1989,117.16
212690,1989,56.7
213233,1989,155.63
213763,1989,63.36
213790,1989,1326.38
214374,1989,87.46
214443,1989,378.61
215732,1989,31.79
215984,1989,160.2
216170,1989,107.95
216328,1989,156.1
216366,1989,136.11
216660,1989,20.69
216856,1989,11.91
216977,1989,59.81
200156,1990,768.38
200415,1990,50.82
200426,1990,57.79
200425,1990,70.5
200445,1990,92.91
200503,1990,30.71
200936,1990,95.3
201094,1990,163.16
203181,1990,82.78
203659,1990,1165.72
203840,1990,94.81
204325,1990,15.62
204338,1990,13.75
204715,1990,20.33
204737,1990,23.16
204744,1990,264.9
204835,1990,362.81
204842,1990,322.09
204848,1990,322.11
205042,1990,184.21
205073,1990,16.48
205303,1990,789.7
205301,1990,105.66
205305,1990,470.53
205308,1990,193.61
205315,1990,61.04
205318,1990,594.51
205317,1990,632.56
205316,1990,391.22
205323,1990,151.69
205326,1990,687.35
205330,1990,120.63
205328,1990,464.1
205332,1990,211.58
205337,1990,158.89
205350,1990,541.78
205355,1990,229.65
205352,1990,71.84
205356,1990,123.41
205362,1990,36.63
205361,1990,79.33
206026,1990,21.9
206263,1990,348.49
207590,1990,682.02
207866,1990,50.93
208022,1990,61.57
208157,1990,392.94
208187,1990,354.06
208191,1990,244.88
208193,1990,60.43
208192,1990,121.82
208203,1990,306.23
208210,1990,134.35
208213,1990,74.28
208216,1990,649.63
208222,1990,210.85
208220,1990,592.83
208363,1990,517.1
208450,1990,39.48
208860,1990,12.14
208919,1990,568.61
208934,1990,65.38
209852,1990,677.58
209873,1990,471.69
209878,1990,135.64
209979,1990,76.6
210032,1990,146.43
210404,1990,48.13
210494,1990,11.33
210523,1990,19.34
210901,1990,12.78
210966,1990,516.87
211083,1990,143.09
211096,1990,39.29
211142,1990,87.06
211494,1990,69.12
211534,1990,108.11
211679,1990,49.34
212067,1990,22.65
212100,1990,50.64
212178,1990,43.55
212690,1990,50.31
213233,1990,164.4
213763,1990,75.82
213790,1990,1174.61
214374,1990,123.14
214443,1990,334.92
215732,1990,33.26
215984,1990,193.52
216170,1990,143.95
216328,1990,191.89
216366,1990,166.28
216660,1990,27.55
216856,1990,11.97
216977,1990,88.69
200156,1991,2140.09
200415,1991,60.81
200426,1991,100.57
200425,1991,118.89
200445,1991,90.76
200503,1991,32.8
200936,1991,343.1
201094,1991,128.3
203181,1991,89.33
203659,1991,2044.14
203840,1991,86.43
204325,1991,19.35
204338,1991,28.63
204715,1991,42.99
204737,1991,29.78
204744,1991,296.37
204835,1991,1017.81
204842,1991,921.2
204848,1991,921.71
205042,1991,237.03
205073,1991,67.69
205303,1991,950.08
205301,1991,209.49
205305,1991,1137.39
205308,1991,176.58
205315,1991,282.16
205318,1991,760.82
205317,1991,799.55
205316,1991,909.64
205323,1991,232.01
205326,1991,652.05
205330,1991,335.33
205328,1991,484.2
205332,1991,228.79
205337,1991,162.01
205350,1991,546.09
205355,1991,253.38
205352,1991,111.58
205356,1991,140.55
205362,1991,42.58
205361,1991,82.31
206026,1991,18.92
206263,1991,323.59
207590,1991,1410.29
207866,1991,143.51
208022,1991,61.46
208157,1991,892.46
208187,1991,431.95
208191,1991,311.82
208193,1991,66.34
208192,1991,127.32
208203,1991,663.15
208210,1991,216.13
208213,1991,127.16
208216,1991,1968.21
208222,1991,319.44
208220,1991,1794
208363,1991,1308.52
208450,1991,63.85
208860,1991,12.43
208919,1991,679.83
208934,1991,184.43
209852,1991,843.17
209873,1991,510.42
209878,1991,120.75
209979,1991,75.66
210032,1991,236.46
210404,1991,93.55
210494,1991,10.82
210523,1991,33.3
210901,1991,23.61
210966,1991,1424.63
211083,1991,110.55
211096,1991,72.94
211142,1991,88.99
211494,1991,76.34
211534,1991,359.41
211679,1991,119.61
212067,1991,117.18
212100,1991,173.02
212178,1991,50.61
212690,1991,73.7
213233,1991,154.95
213763,1991,48.33
213790,1991,1191.89
214374,1991,117.82
214443,1991,465.53
215732,1991,36.96
215984,1991,126.12
216170,1991,123.06
216328,1991,146.32
216366,1991,104.92
216660,1991,21.94
216856,1991,10.49
216977,1991,79.78
200156,1992,1945.01
200415,1992,84.63
200426,1992,200.27
200425,1992,236.16
200445,1992,75.68
200503,1992,45.95
200936,1992,227.87
201094,1992,143.28
203181,1992,151.43
203659,1992,2519.94
203840,1992,111.68
204325,1992,48.91
204338,1992,49.57
204715,1992,39.3
204737,1992,41.79
204744,1992,591.17
204835,1992,801.77
204842,1992,725.21
204848,1992,725.62
205042,1992,225.2
205073,1992,53.63
205303,1992,1144.39
205301,1992,269
205305,1992,1077.05
205308,1992,243.43
205315,1992,189.95
205318,1992,784.11
205317,1992,855.08
205316,1992,981.25
205323,1992,239.33
205326,1992,786.48
205330,1992,266.02
205328,1992,586.69
205332,1992,350.35
205337,1992,179.74
205350,1992,506.49
205355,1992,541.52
205352,1992,145.93
205356,1992,262.13
205362,1992,112.45
205361,1992,230.63
206026,1992,49.37
206263,1992,500.13
207590,1992,1587.74
207866,1992,120.97
208022,1992,98.64
208157,1992,799.37
208187,1992,417
208191,1992,290.51
208193,1992,149.49
208192,1992,260.4
208203,1992,603.6
208210,1992,310.97
208213,1992,184.2
208216,1992,1734.85
208222,1992,569.34
208220,1992,1568.99
208363,1992,1060.75
208450,1992,87.2
208860,1992,34.79
208919,1992,896.03
208934,1992,121.05
209852,1992,954.77
209873,1992,817.45
209878,1992,195.71
209979,1992,115.37
210032,1992,266.75
210404,1992,74.75
210494,1992,31.74
210523,1992,49.25
210901,1992,29.26
210966,1992,1314.81
211083,1992,141.54
211096,1992,65.58
211142,1992,95.79
211494,1992,157.24
211534,1992,233.04
211679,1992,102.31
212067,1992,71.26
212100,1992,123.49
212178,1992,113.7
212690,1992,106.12
213233,1992,198.31
213763,1992,64.34
213790,1992,1480.55
214374,1992,192.11
214443,1992,630.54
215732,1992,43.27
215984,1992,176.55
216170,1992,183.88
216328,1992,207.05
216366,1992,135.09
216660,1992,31.05
216856,1992,12.97
216977,1992,130.63
200156,1993,1662.69
200415,1993,80.63
200426,1993,180.73
200425,1993,213.9
200445,1993,96.49
200503,1993,44.54
200936,1993,177.77
201094,1993,189.72
203181,1993,143.18
203659,1993,2163.38
203840,1993,91.58
204325,1993,32.21
204338,1993,56.84
204715,1993,49.5
204737,1993,16.6
204744,1993,287.45
204835,1993,638.17
204842,1993,579.14
204848,1993,579.4
205042,1993,195
205073,1993,40.54
205303,1993,1093.94
205301,1993,234.48
205305,1993,840.11
205308,1993,265.67
205315,1993,134.52
205318,1993,745.78
205317,1993,816.82
205316,1993,919.65
205323,1993,230.76
205326,1993,753.5
205330,1993,204.12
205328,1993,492.67
205332,1993,233.43
205337,1993,143.68
205350,1993,525.14
205355,1993,259.23
205352,1993,103.31
205356,1993,121.07
205362,1993,64.27
205361,1993,113.08
206026,1993,22.9
206263,1993,516.42
207590,1993,1309.25
207866,1993,95.59
208022,1993,98.45
208157,1993,617.7
208187,1993,389.13
208191,1993,261.88
208193,1993,83.43
208192,1993,146.61
208203,1993,456.03
208210,1993,84.67
208213,1993,46.59
208216,1993,1474.4
208222,1993,522.25
208220,1993,1346.03
208363,1993,856.07
208450,1993,77.11
208860,1993,14.9
208919,1993,457.09
208934,1993,137.34
209852,1993,912.34
209873,1993,476.23
209878,1993,188.11
209979,1993,111.13
210032,1993,194.11
210404,1993,65.55
210494,1993,13.37
210523,1993,9.02
210901,1993,32.28
210966,1993,1169.01
211083,1993,159.44
211096,1993,49.62
211142,1993,72.52
211494,1993,70.79
211534,1993,227.55
211679,1993,115.57
212067,1993,51.12
212100,1993,100.31
212178,1993,65.15
212690,1993,23.67
213233,1993,147.62
213763,1993,82.49
213790,1993,1189.62
214374,1993,185.18
214443,1993,222.74
215732,1993,25.58
215984,1993,220.85
216170,1993,186.46
216328,1993,233.01
216366,1993,175.04
216660,1993,32.79
216856,1993,12.95
216977,1993,126.49
200156,1994,1665.29
200415,1994,55.59
200426,1994,117.35
200425,1994,137.02
200445,1994,127.62
200503,1994,30.97
200936,1994,226.4
201094,1994,247.87
203181,1994,88.33
203659,1994,1807.95
203840,1994,127.69
204325,1994,55.21
204338,1994,45.38
204715,1994,45.68
204737,1994,45.02
204744,1994,683.44
204835,1994,724.98
204842,1994,664.64
204848,1994,664.71
205042,1994,260.42
205073,1994,41.05
205303,1994,914.58
205301,1994,167.25
205305,1994,978.83
205308,1994,237.26
205315,1994,166.15
205318,1994,722.72
205317,1994,769.95
205316,1994,890
205323,1994,199.47
205326,1994,1007.13
205330,1994,285.42
205328,1994,677
205332,1994,402.73
205337,1994,238.64
205350,1994,754.36
205355,1994,619.95
205352,1994,159.72
205356,1994,300.8
205362,1994,126.26
205361,1994,260.23
206026,1994,56.31
206263,1994,395.61
207590,1994,1255.53
207866,1994,93.07
208022,1994,68.06
208157,1994,810.9
208187,1994,429.4
208191,1994,324.49
208193,1994,160.74
208192,1994,294.48
208203,1994,648.92
208210,1994,282.37
208213,1994,162.64
208216,1994,1530.66
208222,1994,435.82
208220,1994,1421.34
208363,1994,932.16
208450,1994,54.39
208860,1994,40.13
208919,1994,932.9
208934,1994,153.57
209852,1994,817.71
209873,1994,1017.36
209878,1994,114.94
209979,1994,66.61
210032,1994,294.31
210404,1994,74.59
210494,1994,37.17
210523,1994,40.85
210901,1994,31.32
210966,1994,1211.68
211083,1994,223.54
211096,1994,72.2
211142,1994,137.12
211494,1994,182.68
211534,1994,267.88
211679,1994,119.73
212067,1994,69.52
212100,1994,131.58
212178,1994,120.32
212690,1994,87.54
213233,1994,210.28
213763,1994,113.86
213790,1994,2027.18
214374,1994,102.96
214443,1994,593.19
215732,1994,56.52
215984,1994,276.45
216170,1994,155.63
216328,1994,241.37
216366,1994,241.61
216660,1994,31.82
216856,1994,18.03
216977,1994,82.94
200156,1995,1178.1
200415,1995,77.75
200426,1995,237.48
200425,1995,276.48
200445,1995,122.45
200503,1995,43.47
200936,1995,141.78
201094,1995,222.22
203181,1995,144.34
203659,1995,2259.07
203840,1995,109.73
204325,1995,32.92
204338,1995,45.98
204715,1995,36.29
204737,1995,30.56
204744,1995,412.62
204835,1995,514.79
204842,1995,460.94
204848,1995,461.08
205042,1995,235.69
205073,1995,37.18
205303,1995,1408.65
205301,1995,227.99
205305,1995,882.03
205308,1995,360.29
205315,1995,129.87
205318,1995,992.25
205317,1995,1104.25
205316,1995,515.23
205323,1995,294.28
205326,1995,967.97
205330,1995,188.19
205328,1995,647.88
205332,1995,293.36
205337,1995,180.54
205350,1995,651.68
205355,1995,367.1
205352,1995,110.57
205356,1995,183.52
205362,1995,73.24
205361,1995,146.37
206026,1995,33.26
206263,1995,645.44
207590,1995,1420.92
207866,1995,86.91
208022,1995,122.84
208157,1995,658.92
208187,1995,502.86
208191,1995,320.08
208193,1995,104.78
208192,1995,190.05
208203,1995,467.39
208210,1995,201.92
208213,1995,118.42
208216,1995,1002.47
208222,1995,290.67
208220,1995,884.36
208363,1995,723.11
208450,1995,75.18
208860,1995,20.82
208919,1995,712.64
208934,1995,75.89
209852,1995,1221.05
209873,1995,657.32
209878,1995,176.39
209979,1995,106.44
210032,1995,214.72
210404,1995,81.58
210494,1995,19.11
210523,1995,28.36
210901,1995,28.62
210966,1995,716.36
211083,1995,191.56
211096,1995,53.19
211142,1995,96.58
211494,1995,107.14
211534,1995,135.9
211679,1995,56.01
212067,1995,43.76
212100,1995,79.73
212178,1995,79.87
212690,1995,62.19
213233,1995,174.54
213763,1995,92.1
213790,1995,1533.1
214374,1995,179.48
214443,1995,431.1
215732,1995,39.15
215984,1995,245.58
216170,1995,191.11
216328,1995,255.36
216366,1995,191.36
216660,1995,33.4
216856,1995,16.01
216977,1995,124.45
200156,1996,1497.06
200415,1996,45.3
200426,1996,177.01
200425,1996,201.81
200445,1996,114.16
200503,1996,24.4
200936,1996,170.58
201094,1996,192.81
203181,1996,77.31
203659,1996,1764.23
203840,1996,87.98
204325,1996,50.81
204338,1996,56.69
204715,1996,53.67
204737,1996,36.56
204744,1996,559.7
204835,1996,551.18
204842,1996,509.47
204848,1996,509.49
205042,1996,246.86
205073,1996,32.97
205303,1996,1130.95
205301,1996,165.01
205305,1996,938.25
205308,1996,278.75
205315,1996,138.46
205318,1996,909.23
205317,1996,986.42
205316,1996,902.34
205323,1996,254.86
205326,1996,974.63
205330,1996,248.55
205328,1996,689.72
205332,1996,359.67
205337,1996,213.08
205350,1996,668.44
205355,1996,508.89
205352,1996,146.68
205356,1996,242.19
205362,1996,111.82
205361,1996,219.35
206026,1996,45.07
206263,1996,439.58
207590,1996,1275.55
207866,1996,71.44
208022,1996,76.48
208157,1996,747.75
208187,1996,490.11
208191,1996,326.62
208193,1996,138.41
208192,1996,249.34
208203,1996,575.13
208210,1996,253.3
208213,1996,152.59
208216,1996,1396.18
208222,1996,477.1
208220,1996,1307.88
208363,1996,698.32
208450,1996,46.33
208860,1996,32.19
208919,1996,721.71
208934,1996,148.99
209852,1996,1042.47
209873,1996,808.94
209878,1996,93.35
209979,1996,52.75
210032,1996,265.34
210404,1996,74.19
210494,1996,29.59
210523,1996,36.49
210901,1996,34.32
210966,1996,1134.66
211083,1996,161.75
211096,1996,61.11
211142,1996,110.71
211494,1996,146.67
211534,1996,249.9
211679,1996,122
212067,1996,45.41
212100,1996,116.56
212178,1996,105.93
212690,1996,73.09
213233,1996,144.85
213763,1996,91.39
213790,1996,1658.54
214374,1996,86.39
214443,1996,490.88
215732,1996,41.21
215984,1996,229.99
216170,1996,137.34
216328,1996,212.82
216366,1996,197.15
216660,1996,26.91
216856,1996,12.38
216977,1996,72.07
200156,1997,1093.67
200415,1997,61.35
200426,1997,208.48
200425,1997,241.32
200445,1997,109.53
200503,1997,34.09
200936,1997,108.92
201094,1997,185.62
203181,1997,110.38
203659,1997,1919.49
203840,1997,106
204325,1997,20.89
204338,1997,27.02
204715,1997,29.18
204737,1997,27.97
204744,1997,358.11
204835,1997,426.51
204842,1997,375.29
204848,1997,375.43
205042,1997,239.92
205073,1997,31.29
205303,1997,1265.32
205301,1997,192.86
205305,1997,805.16
205308,1997,303.74
205315,1997,85.41
205318,1997,935.54
205317,1997,1029.42
205316,1997,600.25
205323,1997,265.73
205326,1997,899.51
205330,1997,183.81
205328,1997,629.28
205332,1997,294.97
205337,1997,188.51
205350,1997,631.56
205355,1997,313.13
205352,1997,108.61
205356,1997,142.9
205362,1997,58.19
205361,1997,132.17
206026,1997,35.34
206263,1997,521.51
207590,1997,1254.73
207866,1997,76.92
208022,1997,97.09
208157,1997,615.22
208187,1997,492.47
208191,1997,321.56
208193,1997,96.84
208192,1997,188.39
208203,1997,454.23
208210,1997,193.65
208213,1997,114.14
208216,1997,952.1
208222,1997,353.69
208220,1997,855.73
208363,1997,616.08
208450,1997,60.71
208860,1997,13.05
208919,1997,697.98
208934,1997,93.32
209852,1997,1118.98
209873,1997,602.66
209878,1997,131.49
209979,1997,80.32
210032,1997,215.37
210404,1997,73.23
210494,1997,18.81
210523,1997,28.94
210901,1997,18.66
210966,1997,746.36
211083,1997,166.28
211096,1997,53.9
211142,1997,99.79
211494,1997,77.1
211534,1997,147.42
211679,1997,75.28
212067,1997,30.45
212100,1997,76.31
212178,1997,70.4
212690,1997,65.87
213233,1997,175.68
213763,1997,75.22
213790,1997,1429.72
214374,1997,136.46
214443,1997,431.4
215732,1997,39.91
215984,1997,197.56
216170,1997,149.11
216328,1997,201.63
216366,1997,156.53
216660,1997,26.31
216856,1997,14.63
216977,1997,93.93
200156,1998,1763.42
200415,1998,80.61
200426,1998,296.99
200425,1998,341.25
200445,1998,168.56
200503,1998,45.34
200936,1998,254.71
201094,1998,292.85
203181,1998,145.66
203659,1998,2701.63
203840,1998,136.9
204325,1998,10.2
204338,1998,8.28
204715,1998,10.71
204737,1998,34.64
204744,1998,431.17
204835,1998,818.45
204842,1998,749.6
204848,1998,749.65
205042,1998,334
205073,1998,50.88
205303,1998,1801.19
205301,1998,251.54
205305,1998,1220.67
205308,1998,490.11
205315,1998,209.24
205318,1998,1345.52
205317,1998,1485.78
205316,1998,818.72
205323,1998,389.59
205326,1998,1284.3
205330,1998,323.43
205328,1998,845.2
205332,1998,350.15
205337,1998,249.1
205350,1998,891.87
205355,1998,380.93
205352,1998,119.34
205356,1998,215.91
205362,1998,39.59
205361,1998,122.95
206026,1998,41.82
206263,1998,846.47
207590,1998,1830.19
207866,1998,110.52
208022,1998,158.4
208157,1998,944.38
208187,1998,701.43
208191,1998,452.61
208193,1998,84.77
208192,1998,200.43
208203,1998,684.24
208210,1998,246.55
208213,1998,149.22
208216,1998,1576.13
208222,1998,392.09
208220,1998,1430.9
208363,1998,1072.14
208450,1998,79.25
208860,1998,19.35
208919,1998,891.38
208934,1998,126.42
209852,1998,1611.07
209873,1998,741.04
209878,1998,219.2
209979,1998,114.66
210032,1998,270.65
210404,1998,111.28
210494,1998,21.41
210523,1998,34.43
210901,1998,6.51
210966,1998,1165.63
211083,1998,229.44
211096,1998,79.51
211142,1998,118.17
211494,1998,124.64
211534,1998,260.48
211679,1998,86.17
212067,1998,66.23
212100,1998,152.72
212178,1998,53.47
212690,1998,77.53
213233,1998,232.47
213763,1998,130.23
213790,1998,1904.68
214374,1998,201.37
214443,1998,531.57
215732,1998,47.62
215984,1998,357.29
216170,1998,260.09
216328,1998,363.26
216366,1998,270.94
216660,1998,46.59
216856,1998,17.59
216977,1998,158.66
200156,1999,1581.41
200415,1999,68.16
200426,1999,231.53
200425,1999,266.64
200445,1999,110.19
200503,1999,36.16
200936,1999,157.74
201094,1999,172.87
203181,1999,115.13
203659,1999,2464.34
203840,1999,101.68
204325,1999,64.07
204338,1999,80.19
204715,1999,81.67
204737,1999,48.44
204744,1999,743.75
204835,1999,557.43
204842,1999,498.34
204848,1999,498.6
205042,1999,294.86
205073,1999,41.65
205303,1999,1454.78
205301,1999,228.86
205305,1999,1257.48
205308,1999,313.5
205315,1999,202.26
205318,1999,1113.49
205317,1999,1218.33
205316,1999,808.51
205323,1999,326.83
205326,1999,1016.35
205330,1999,348.16
205328,1999,766.45
205332,1999,419.51
205337,1999,240.71
205350,1999,707.05
205355,1999,680.75
205352,1999,181.33
205356,1999,354.79
205362,1999,135.6
205361,1999,266.73
206026,1999,52.16
206263,1999,540.91
207590,1999,1735.54
207866,1999,89.52
208022,1999,106.13
208157,1999,1002.31
208187,1999,584.5
208191,1999,390.42
208193,1999,168.54
208192,1999,294.41
208203,1999,762.82
208210,1999,366.14
208213,1999,226.96
208216,1999,1418.69
208222,1999,374.48
208220,1999,1291.45
208363,1999,774.88
208450,1999,69.55
208860,1999,46.36
208919,1999,952.36
208934,1999,176.04
209852,1999,1310.29
209873,1999,1032.31
209878,1999,134.41
209979,1999,82.26
210032,1999,326.68
210404,1999,98.88
210494,1999,36.09
210523,1999,51.63
210901,1999,56.5
210966,1999,1038.09
211083,1999,147.84
211096,1999,77.29
211142,1999,128.67
211494,1999,216.28
211534,1999,285.95
211679,1999,97.12
212067,1999,48.33
212100,1999,171.35
212178,1999,131.47
212690,1999,102.82
213233,1999,179.21
213763,1999,68.6
213790,1999,1917.93
214374,1999,137.32
214443,1999,687.79
215732,1999,51.77
215984,1999,187.23
216170,1999,150.52
216328,1999,200.56
216366,1999,142.65
216660,1999,25.86
216856,1999,13.14
216977,1999,93.56
200156,2000,1391.49
200415,2000,43.48
200426,2000,82.38
200425,2000,95.84
200445,2000,56.97
200503,2000,23.7
200936,2000,179.73
201094,2000,102.47
203181,2000,58.28
203659,2000,1009.84
203840,2000,65.93
204325,2000,5
204338,2000,8.18
204715,2000,9.6
204737,2000,15.14
204744,2000,145.4
204835,2000,613.35
204842,2000,556.21
204848,2000,556.41
205042,2000,137.69
205073,2000,28.51
205303,2000,722.3
205301,2000,95.95
205305,2000,425.93
205308,2000,168.87
205315,2000,76.01
205318,2000,544.63
205317,2000,597.42
205316,2000,849.3
205323,2000,153.15
205326,2000,484.04
205330,2000,114.56
205328,2000,335.28
205332,2000,147.19
205337,2000,104.23
205350,2000,348.51
205355,2000,120.27
205352,2000,52.13
205356,2000,56.85
205362,2000,17.3
205361,2000,44.79
206026,2000,14.67
206263,2000,293.51
207590,2000,626.05
207866,2000,78.97
208022,2000,57.91
208157,2000,342.69
208187,2000,289.55
208191,2000,187.75
208193,2000,37.15
208192,2000,80.28
208203,2000,259.11
208210,2000,84.32
208213,2000,45.52
208216,2000,1265.67
208222,2000,490.16
208220,2000,1187.81
208363,2000,804.84
208450,2000,34.59
208860,2000,1.59
208919,2000,382.93
208934,2000,103.58
209852,2000,640.76
209873,2000,279.78
209878,2000,86.94
209979,2000,55.86
210032,2000,110.2
210404,2000,39.33
210494,2000,6.56
210523,2000,11.5
210901,2000,2.48
210966,2000,1089.71
211083,2000,88.94
211096,2000,31.35
211142,2000,55.52
211494,2000,23.89
211534,2000,187.54
211679,2000,115.42
212067,2000,45.56
212100,2000,56.28
212178,2000,25.2
212690,2000,30.43
213233,2000,116.36
213763,2000,42.22
213790,2000,735.93
214374,2000,85.79
214443,2000,222.49
215732,2000,20.94
215984,2000,115.8
216170,2000,94.02
216328,2000,121.14
216366,2000,86.04
216660,2000,16.09
216856,2000,8.09
216977,2000,57.29
200156,2001,1512.92
200415,2001,81.79
200426,2001,268.71
200425,2001,311.39
200445,2001,114.67
200503,2001,43.19
200936,2001,178.73
201094,2001,197.93
203181,2001,144.2
203659,2001,2461.7
203840,2001,127.02
204325,2001,28.45
204338,2001,30.32
204715,2001,28.56
204737,2001,34.85
204744,2001,436.32
204835,2001,685.15
204842,2001,603.39
204848,2001,603.77
205042,2001,255.54
205073,2001,51.69
205303,2001,1479.97
205301,2001,264.93
205305,2001,990.06
205308,2001,343.32
205315,2001,153.46
205318,2001,1071.94
205317,2001,1187.47
205316,2001,664.87
205323,2001,323.88
205326,2001,944.02
205330,2001,207.5
205328,2001,657.14
205332,2001,303.99
205337,2001,205.54
205350,2001,685.03
205355,2001,383.03
205352,2001,109.43
205356,2001,197.33
205362,2001,66.73
205361,2001,143.72
206026,2001,34.67
206263,2001,610.14
207590,2001,1570.8
207866,2001,120.41
208022,2001,118
208157,2001,713.79
208187,2001,540.42
208191,2001,347.62
208193,2001,95.95
208192,2001,188.96
208203,2001,497.08
208210,2001,229.65
208213,2001,131.65
208216,2001,1301.34
208222,2001,361.95
208220,2001,1140.74
208363,2001,964.63
208450,2001,86.03
208860,2001,18.88
208919,2001,835.3
208934,2001,98.17
209852,2001,1301.33
209873,2001,714.69
209878,2001,161.07
209979,2001,98.59
210032,2001,219.23
210404,2001,87.61
210494,2001,20.32
210523,2001,34.37
210901,2001,16.84
210966,2001,930.4
211083,2001,183.61
211096,2001,54.86
211142,2001,112.11
211494,2001,111.96
211534,2001,175.99
211679,2001,74.78
212067,2001,60.3
212100,2001,93.07
212178,2001,70.32
212690,2001,81.47
213233,2001,213.36
213763,2001,83.71
213790,2001,1613.14
214374,2001,161.78
214443,2001,524.2
215732,2001,48.44
215984,2001,221.28
216170,2001,178.35
216328,2001,233.07
216366,2001,174.04
216660,2001,31.04
216856,2001,16.21
216977,2001,113.86
200156,2002,1253.67
200415,2002,42.2
200426,2002,138.66
200425,2002,158.58
200445,2002,74.87
200503,2002,23.22
200936,2002,181.81
201094,2002,121.21
203181,2002,73.59
203659,2002,1499.09
203840,2002,72.78
204325,2002,32.33
204338,2002,40.58
204715,2002,39.45
204737,2002,29.05
204744,2002,404.78
204835,2002,649.19
204842,2002,599.64
204848,2002,599.84
205042,2002,204.26
205073,2002,28.45
205303,2002,989.23
205301,2002,135.01
205305,2002,755.51
205308,2002,207.38
205315,2002,123.19
205318,2002,770.34
205317,2002,837.22
205316,2002,658.45
205323,2002,221.9
205326,2002,689.64
205330,2002,201.65
205328,2002,514.69
205332,2002,267.75
205337,2002,158.92
205350,2002,478.01
205355,2002,365.74
205352,2002,111.05
205356,2002,185.03
205362,2002,73.18
205361,2002,144.98
206026,2002,31.23
206263,2002,355.01
207590,2002,1047.63
207866,2002,68.55
208022,2002,68.87
208157,2002,608.3
208187,2002,411.82
208191,2002,274.22
208193,2002,98.08
208192,2002,176.46
208203,2002,463.1
208210,2002,201.45
208213,2002,120.57
208216,2002,1148.68
208222,2002,334.32
208220,2002,1066.32
208363,2002,802.86
208450,2002,41.12
208860,2002,20.09
208919,2002,592.34
208934,2002,111
209852,2002,893.31
209873,2002,591.52
209878,2002,93.55
209979,2002,56.09
210032,2002,205.87
210404,2002,63.89
210494,2002,19.66
210523,2002,28.74
210901,2002,26.44
210966,2002,909.06
211083,2002,104.9
211096,2002,50.28
211142,2002,83.61
211494,2002,108.23
211534,2002,196.72
211679,2002,75.97
212067,2002,48.65
212100,2002,97.35
212178,2002,74.5
212690,2002,61.64
213233,2002,129.3
213763,2002,48.61
213790,2002,1192.66
214374,2002,97.7
214443,2002,407.48
215732,2002,31.33
215984,2002,131.32
216170,2002,104.47
216328,2002,139.18
216366,2002,98.67
216660,2002,18.27
216856,2002,9.38
216977,2002,64.44
200156,2003,1206.83
200415,2003,76.78
200426,2003,267.22
200425,2003,308.98
200445,2003,115.7
200503,2003,40.51
200936,2003,139.1
201094,2003,192.23
203181,2003,136.73
203659,2003,2395.51
203840,2003,118.75
204325,2003,27.46
204338,2003,21.82
204715,2003,14.08
204737,2003,40.15
204744,2003,526.53
204835,2003,529.09
204842,2003,460.41
204848,2003,460.59
205042,2003,274.41
205073,2003,48.1
205303,2003,1521.69
205301,2003,253.35
205305,2003,981.36
205308,2003,346.7
205315,2003,142.62
205318,2003,1113.4
205317,2003,1228.27
205316,2003,468.37
205323,2003,330.61
205326,2003,975.99
205330,2003,204.69
205328,2003,693.13
205332,2003,331
205337,2003,218.77
205350,2003,697.15
205355,2003,471.78
205352,2003,106.39
205356,2003,250.25
205362,2003,72.91
205361,2003,173.54
206026,2003,44.13
206263,2003,612.62
207590,2003,1549.93
207866,2003,106.85
208022,2003,116.53
208157,2003,710.99
208187,2003,569.75
208191,2003,368.92
208193,2003,101.64
208192,2003,212.65
208203,2003,497.12
208210,2003,296.24
208213,2003,177.98
208216,2003,1016.56
208222,2003,250.08
208220,2003,872.83
208363,2003,782.19
208450,2003,78.9
208860,2003,26.34
208919,2003,902.03
208934,2003,75.37
209852,2003,1344.77
209873,2003,804.29
209878,2003,156.41
209979,2003,96.23
210032,2003,225.11
210404,2003,89.17
210494,2003,27.14
210523,2003,45.38
210901,2003,10.02
210966,2003,680.39
211083,2003,174.05
211096,2003,57.29
211142,2003,116.07
211494,2003,143.39
211534,2003,136.03
211679,2003,48.53
212067,2003,52.71
212100,2003,87.1
212178,2003,70.02
212690,2003,96.26
213233,2003,202.7
213763,2003,80.49
213790,2003,1702.45
214374,2003,162.58
214443,2003,604.26
215732,2003,49.36
215984,2003,217.59
216170,2003,171.73
216328,2003,226.59
216366,2003,165.79
216660,2003,29.53
216856,2003,15.2
216977,2003,110.7
200156,2004,785.34
200415,2004,46.19
200426,2004,112.01
200425,2004,130.98
200445,2004,56.82
200503,2004,25.9
200936,2004,88.36
201094,2004,94.78
203181,2004,77.01
203659,2004,1264.6
203840,2004,58.22
204325,2004,12.9
204338,2004,14.73
204715,2004,12.14
204737,2004,16.07
204744,2004,215.18
204835,2004,317.47
204842,2004,282.37
204848,2004,282.48
205042,2004,165.5
205073,2004,18.26
205303,2004,857.22
205301,2004,124.34
205305,2004,525.24
205308,2004,177.61
205315,2004,60.71
205318,2004,642.4
205317,2004,704.9
205316,2004,407.48
205323,2004,188.38
205326,2004,522.55
205330,2004,122.66
205328,2004,382.89
205332,2004,186.44
205337,2004,116.52
205350,2004,365.16
205355,2004,190.06
205352,2004,69.32
205356,2004,88.61
205362,2004,37.03
205361,2004,79.5
206026,2004,19.73
206263,2004,312.04
207590,2004,794.94
207866,2004,48.38
208022,2004,63.78
208157,2004,416.39
208187,2004,336.16
208191,2004,222.73
208193,2004,58.81
208192,2004,112.53
208203,2004,309.99
208210,2004,93.22
208213,2004,51.61
208216,2004,673.78
208222,2004,238.37
208220,2004,610.39
208363,2004,455.44
208450,2004,40
208860,2004,6.48
208919,2004,372.78
208934,2004,58.54
209852,2004,760.07
209873,2004,346.72
209878,2004,89.66
209979,2004,58.73
210032,2004,144.3
210404,2004,51.49
210494,2004,11.8
210523,2004,12.9
210901,2004,7.47
210966,2004,528.82
211083,2004,80.66
211096,2004,39.22
211142,2004,56.34
211494,2004,47.12
211534,2004,96.28
211679,2004,47.66
212067,2004,22.71
212100,2004,51.16
212178,2004,42.79
212690,2004,30.17
213233,2004,104.62
213763,2004,39.8
213790,2004,811.79
214374,2004,92.19
214443,2004,223.06
215732,2004,20.24
215984,2004,110.17
216170,2004,89.93
216328,2004,113.72
216366,2004,83.06
216660,2004,15.27
216856,2004,7.25
216977,2004,56.46
200156,2005,141.05
200415,2005,6.58
200426,2005,2.56
200425,2005,2.95
200445,2005,2.88
200503,2005,3.93
200936,2005,10.76
201094,2005,11.7
203181,2005,6.37
203659,2005,96.96
203840,2005,16.64
204325,2005,0.01
204338,2005,0.02
204715,2005,0.06
204737,2005,0.21
204744,2005,1.27
204835,2005,48.61
204842,2005,45.06
204848,2005,45.08
205042,2005,6.73
205073,2005,1.6
205303,2005,55.04
205301,2005,8.77
205305,2005,26.23
205308,2005,16.98
205315,2005,4.74
205318,2005,40.27
205317,2005,42.78
205316,2005,102.29
205323,2005,10.39
205326,2005,39.37
205330,2005,6.6
205328,2005,24.38
205332,2005,6.81
205337,2005,2.03
205350,2005,13.21
205355,2005,0.96
205352,2005,1.7
205356,2005,0.18
205362,2005,0.1
205361,2005,0.33
206026,2005,0.12
206263,2005,30.75
207590,2005,41.02
207866,2005,4.21
208022,2005,6.67
208157,2005,19.95
208187,2005,22.23
208191,2005,11.66
208193,2005,1.14
208192,2005,1.74
208203,2005,14.85
208210,2005,0.89
208213,2005,0.25
208216,2005,126.85
208222,2005,84.35
208220,2005,120.67
208363,2005,66.27
208450,2005,4.78
208860,2005,0
208919,2005,19.75
208934,2005,5.74
209852,2005,45.15
209873,2005,3.88
209878,2005,24.83
209979,2005,10.92
210032,2005,6.37
210404,2005,1.94
210494,2005,0.01
210523,2005,0.26
210901,2005,0.02
210966,2005,114.97
211083,2005,22.91
211096,2005,0.78
211142,2005,0.82
211494,2005,0.09
211534,2005,10.08
211679,2005,4.95
212067,2005,1.63
212100,2005,4.4
212178,2005,1.12
212690,2005,0.25
213233,2005,21.96
213763,2005,10.31
213790,2005,32.3
214374,2005,21.17
214443,2005,1.57
215732,2005,0.34
215984,2005,20.78
216170,2005,21.45
216328,2005,24.31
216366,2005,25.27
216660,2005,4.36
216856,2005,2.03
216977,2005,10.81
200156,2006,1571.6
200415,2006,62.53
200426,2006,214.05
200425,2006,245.31
200445,2006,106.39
200503,2006,35.29
200936,2006,187.56
201094,2006,181.09
203181,2006,105.66
203659,2006,2147.11
203840,2006,109.99
204325,2006,30.81
204338,2006,38.25
204715,2006,57.32
204737,2006,32.81
204744,2006,469.82
204835,2006,593.47
204842,2006,536.33
204848,2006,536.49
205042,2006,264.42
205073,2006,42.01
205303,2006,1324.82
205301,2006,192.31
205305,2006,1059.87
205308,2006,315.93
205315,2006,194.07
205318,2006,1006.53
205317,2006,1104.74
205316,2006,789.88
205323,2006,293.13
205326,2006,917.48
205330,2006,279.26
205328,2006,659.98
205332,2006,331.38
205337,2006,206.78
205350,2006,644.82
205355,2006,423.04
205352,2006,139.58
205356,2006,220.95
205362,2006,71.34
205361,2006,155.89
206026,2006,38.99
206263,2006,547.02
207590,2006,1493.99
207866,2006,89.37
208022,2006,106.35
208157,2006,833.31
208187,2006,528.17
208191,2006,350.27
208193,2006,115.03
208192,2006,215.39
208203,2006,619.79
208210,2006,256.44
208213,2006,160.04
208216,2006,1424.56
208222,2006,363.66
208220,2006,1305.24
208363,2006,794
208450,2006,60.98
208860,2006,26.73
208919,2006,800.89
208934,2006,151.21
209852,2006,1188.75
209873,2006,722.33
209878,2006,133.33
209979,2006,83.07
210032,2006,265.07
210404,2006,91.89
210494,2006,21.05
210523,2006,35.44
210901,2006,36.34
210966,2006,1058.51
211083,2006,163.46
211096,2006,66.58
211142,2006,110.49
211494,2006,128.77
211534,2006,267.49
211679,2006,94.04
212067,2006,55.02
212100,2006,134.97
212178,2006,86.4
212690,2006,79.43
213233,2006,186.92
213763,2006,72.4
213790,2006,1556.4
214374,2006,135.72
214443,2006,523.57
215732,2006,40.04
215984,2006,196.9
216170,2006,158.24
216328,2006,214.72
216366,2006,149.54
216660,2006,27.01
216856,2006,14.76
216977,2006,97.6
200156,2007,385.95
200415,2007,17.68
200426,2007,53.97
200425,2007,61.5
200445,2007,46.79
200503,2007,12.93
200936,2007,36.93
201094,2007,85.24
203181,2007,27.59
203659,2007,525.37
203840,2007,74.83
204325,2007,7.76
204338,2007,6.01
204715,2007,8.33
204737,2007,15.42
204744,2007,163.94
204835,2007,168.46
204842,2007,153.37
204848,2007,153.43
205042,2007,94.18
205073,2007,10.06
205303,2007,504.51
205301,2007,42.76
205305,2007,234.57
205308,2007,134.23
205315,2007,35.42
205318,2007,395.64
205317,2007,433.19
205316,2007,220.05
205323,2007,110.29
205326,2007,359.47
205330,2007,48.05
205328,2007,247.22
205332,2007,99.75
205337,2007,78.5
205350,2007,277.98
205355,2007,141.39
205352,2007,26.6
205356,2007,83.93
205362,2007,16.92
205361,2007,39.97
206026,2007,8.53
206263,2007,225.58
207590,2007,347
207866,2007,21.57
208022,2007,44.71
208157,2007,186.41
208187,2007,210.93
208191,2007,132.96
208193,2007,21.13
208192,2007,47.98
208203,2007,130.24
208210,2007,111.47
208213,2007,64.81
208216,2007,349.41
208222,2007,144.94
208220,2007,320.3
208363,2007,220.96
208450,2007,13.07
208860,2007,8.97
208919,2007,436.45
208934,2007,30.74
209852,2007,455.89
209873,2007,285.56
209878,2007,71.54
209979,2007,33.97
210032,2007,60.93
210404,2007,28.2
210494,2007,6.48
210523,2007,17.95
210901,2007,6.95
210966,2007,274.96
211083,2007,84.9
211096,2007,17.88
211142,2007,47.04
211494,2007,45.67
211534,2007,45.87
211679,2007,21.31
212067,2007,14.15
212100,2007,18.56
212178,2007,14.86
212690,2007,44.03
213233,2007,132.81
213763,2007,34.64
213790,2007,659.95
214374,2007,66.98
214443,2007,272.4
215732,2007,20.38
215984,2007,88.79
216170,2007,79.44
216328,2007,103.57
216366,2007,74.82
216660,2007,14.31
216856,2007,8.54
216977,2007,45.79
200156,2008,1645.82
200415,2008,70.92
200426,2008,222.09
200425,2008,257.64
200445,2008,103.15
200503,2008,38.41
200936,2008,202.96
201094,2008,172.58
203181,2008,124.25
203659,2008,2163.38
203840,2008,99.84
204325,2008,29.47
204338,2008,33.56
204715,2008,38.83
204737,2008,33.23
204744,2008,441.08
204835,2008,728.36
204842,2008,660.86
204848,2008,661.1
205042,2008,244.27
205073,2008,40.85
205303,2008,1330.98
205301,2008,209.93
205305,2008,934.14
205308,2008,307.94
205315,2008,152.72
205318,2008,972.83
205317,2008,1074.66
205316,2008,860.54
205323,2008,284.41
205326,2008,874.92
205330,2008,233.19
205328,2008,624.54
205332,2008,302.38
205337,2008,199.38
205350,2008,630.32
205355,2008,393.45
205352,2008,116.16
205356,2008,201.79
205362,2008,69.08
205361,2008,148.68
206026,2008,36.54
206263,2008,542.62
207590,2008,1422.07
207866,2008,97.65
208022,2008,105.63
208157,2008,716.95
208187,2008,503.45
208191,2008,327.78
208193,2008,99.11
208192,2008,193.39
208203,2008,527.22
208210,2008,222.56
208213,2008,131.31
208216,2008,1470.98
208222,2008,453.22
208220,2008,1347.44
208363,2008,963.93
208450,2008,67.07
208860,2008,21.3
208919,2008,737.19
208934,2008,130.39
209852,2008,1172.86
209873,2008,691.06
209878,2008,142.53
209979,2008,88.87
210032,2008,228.06
210404,2008,79.79
210494,2008,21.12
210523,2008,31.35
210901,2008,23.21
210966,2008,1148.16
211083,2008,145.81
211096,2008,57.94
211142,2008,105.27
211494,2008,115.86
211534,2008,233.43
211679,2008,107.8
212067,2008,59.59
212100,2008,110.3
212178,2008,71.96
212690,2008,69.46
213233,2008,174.86
213763,2008,69.08
213790,2008,1500.73
214374,2008,145.27
214443,2008,475.35
215732,2008,41.2
215984,2008,188.25
216170,2008,150.9
216328,2008,197.57
216366,2008,142.05
216660,2008,26.02
216856,2008,12.89
216977,2008,98.42
200156,2009,698.69
200415,2009,37.77
200426,2009,73.72
200425,2009,88
200445,2009,43.47
200503,2009,21.25
200936,2009,80.45
201094,2009,74.97
203181,2009,62.66
203659,2009,944.13
203840,2009,50.87
204325,2009,5.39
204338,2009,5.1
204715,2009,4.96
204737,2009,11.61
204744,2009,123.5
204835,2009,290.31
204842,2009,259.49
204848,2009,259.58
205042,2009,98.24
205073,2009,14.54
205303,2009,572.1
205301,2009,94.77
205305,2009,351.93
205308,2009,124.01
205315,2009,44.81
205318,2009,398.3
205317,2009,440.18
205316,2009,386.61
205323,2009,127.75
205326,2009,344.15
205330,2009,79.54
205328,2009,232.1
205332,2009,104.08
205337,2009,72.18
205350,2009,255.29
205355,2009,103.84
205352,2009,38.27
205356,2009,49.22
205362,2009,17.28
205361,2009,40.28
206026,2009,11.01
206263,2009,231.78
207590,2009,557.66
207866,2009,40.42
208022,2009,47.21
208157,2009,272.48
208187,2009,200.36
208191,2009,134.24
208193,2009,31.62
208192,2009,61.47
208203,2009,196.04
208210,2009,62.14
208213,2009,32.42
208216,2009,603.58
208222,2009,253.21
208220,2009,555.72
208363,2009,409.21
208450,2009,32.92
208860,2009,3.61
208919,2009,280.56
208934,2009,41.51
209852,2009,487.3
209873,2009,225.18
209878,2009,82.06
209979,2009,49.76
210032,2009,85.15
210404,2009,34.26
210494,2009,6.15
210523,2009,9.06
210901,2009,2.79
210966,2009,496.27
211083,2009,72.46
211096,2009,24.01
211142,2009,39.27
211494,2009,24.35
211534,2009,71.22
211679,2009,42.43
212067,2009,21.43
212100,2009,33.98
212178,2009,22.61
212690,2009,20.75
213233,2009,84
213763,2009,36.48
213790,2009,562.3
214374,2009,79.78
214443,2009,160.43
215732,2009,16.25
215984,2009,92.23
216170,2009,76.57
216328,2009,89.74
216366,2009,79.11
216660,2009,13.8
216856,2009,6.27
216977,2009,50.87
200156,2010,243.27
200415,2010,4.52
200426,2010,0.58
200425,2010,0.79
200445,2010,3.89
200503,2010,1.63
200936,2010,12.54
201094,2010,7
203181,2010,5.24
203659,2010,82.52
203840,2010,4.45
204325,2010,0.66
204338,2010,0.71
204715,2010,1.44
204737,2010,0.46
204744,2010,5.48
204835,2010,36.69
204842,2010,32.5
204848,2010,32.53
205042,2010,11
205073,2010,0.55
205303,2010,55.12
205301,2010,7.54
205305,2010,31.06
205308,2010,8.58
205315,2010,3.44
205318,2010,38.15
205317,2010,41.89
205316,2010,211.43
205323,2010,10.75
205326,2010,34.27
205330,2010,6.63
205328,2010,23.54
205332,2010,10.88
205337,2010,7.39
205350,2010,25.34
205355,2010,4.8
205352,2010,4.89
205356,2010,2.12
205362,2010,1.12
205361,2010,2.13
206026,2010,0.68
206263,2010,16.17
207590,2010,42.2
207866,2010,2.77
208022,2010,3.42
208157,2010,28.47
208187,2010,20.32
208191,2010,14.19
208193,2010,3.39
208192,2010,6.48
208203,2010,21.75
208210,2010,3.51
208213,2010,1.76
208216,2010,230.27
208222,2010,199.66
208220,2010,228.38
208363,2010,52.54
208450,2010,1.61
208860,2010,0.68
208919,2010,17.89
208934,2010,3.86
209852,2010,44.6
209873,2010,12.29
209878,2010,11.5
209979,2010,5.35
210032,2010,11.53
210404,2010,3.54
210494,2010,0.13
210523,2010,0.8
210901,2010,1.12
210966,2010,225.13
211083,2010,8.13
211096,2010,2.94
211142,2010,2.91
211494,2010,1.64
211534,2010,6.11
211679,2010,2.92
212067,2010,1.29
212100,2010,2.4
212178,2010,2.73
212690,2010,1.11
213233,2010,5.49
213763,2010,3.69
213790,2010,45.31
214374,2010,11.05
214443,2010,7.14
215732,2010,0.55
215984,2010,8.75
216170,2010,7.77
216328,2010,7.67
216366,2010,6.09
216660,2010,1.13
216856,2010,0.62
216977,2010,4.95
200156,2011,1196.61
200415,2011,54.38
200426,2011,149.69
200425,2011,174.5
200445,2011,84.14
200503,2011,29.18
200936,2011,137.46
201094,2011,141.13
203181,2011,91.71
203659,2011,1614.31
203840,2011,88.07
204325,2011,19.03
204338,2011,20.71
204715,2011,26.21
204737,2011,27.19
204744,2011,326.25
204835,2011,486.98
204842,2011,437.83
204848,2011,438.16
205042,2011,204.62
205073,2011,27.54
205303,2011,1074.77
205301,2011,154.49
205305,2011,693.04
205308,2011,245.79
205315,2011,94.82
205318,2011,789.93
205317,2011,872.41
205316,2011,658.61
205323,2011,226.58
205326,2011,705.59
205330,2011,166.35
205328,2011,499.24
205332,2011,234.43
205337,2011,156.2
205350,2011,512.06
205355,2011,285.4
205352,2011,88.14
205356,2011,145.98
205362,2011,47.57
205361,2011,105.07
206026,2011,26.18
206263,2011,429.51
207590,2011,1043.85
207866,2011,68.4
208022,2011,84.36
208157,2011,544.27
208187,2011,416.94
208191,2011,275.61
208193,2011,72.11
208192,2011,142.06
208203,2011,401.54
208210,2011,174.1
208213,2011,100.62
208216,2011,1060.73
208222,2011,406.12
208220,2011,972.84
208363,2011,663.67
208450,2011,49.86
208860,2011,12.71
208919,2011,601.47
208934,2011,84.06
209852,2011,948.39
209873,2011,529.42
209878,2011,116.22
209979,2011,67.73
210032,2011,179.59
210404,2011,65.41
210494,2011,15.19
210523,2011,24.46
210901,2011,15.27
210966,2011,846.36
211083,2011,124.08
211096,2011,48.56
211142,2011,85.22
211494,2011,79.61
211534,2011,142.44
211679,2011,72.54
212067,2011,33.99
212100,2011,72.41
212178,2011,51.94
212690,2011,54.83
213233,2011,150.58
213763,2011,57.54
213790,2011,1190.66
214374,2011,115.87
214443,2011,382.78
215732,2011,33.37
215984,2011,157.31
216170,2011,127.42
216328,2011,165.08
216366,2011,120.61
216660,2011,21.79
216856,2011,11.19
216977,2011,78.88
200156,2012,1105.2
200415,2012,50.36
200426,2012,141.58
200425,2012,164.7
200445,2012,78.6
200503,2012,28.93
200936,2012,120.13
201094,2012,134.3
203181,2012,87.2
203659,2012,1359.52
203840,2012,84.63
204325,2012,14.12
204338,2012,15.93
204715,2012,14.37
204737,2012,22.06
204744,2012,260.34
204835,2012,471.51
204842,2012,431.17
204848,2012,431.32
205042,2012,180.49
205073,2012,22.27
205303,2012,1009.46
205301,2012,133.27
205305,2012,529.87
205308,2012,235.25
205315,2012,70.34
205318,2012,755.9
205317,2012,833.3
205316,2012,671.51
205323,2012,219.22
205326,2012,642.4
205330,2012,119.05
205328,2012,457.9
205332,2012,202.1
205337,2012,132.94
205350,2012,458.56
205355,2012,227.29
205352,2012,61.3
205356,2012,112.04
205362,2012,40.66
205361,2012,89.19
206026,2012,21.26
206263,2012,408.69
207590,2012,849.44
207866,2012,55.97
208022,2012,82.06
208157,2012,415.7
208187,2012,390.75
208191,2012,248.26
208193,2012,59.25
208192,2012,116.07
208203,2012,298.92
208210,2012,122.89
208213,2012,65.77
208216,2012,990.99
208222,2012,459.3
208220,2012,923.42
208363,2012,624.44
208450,2012,43.03
208860,2012,8.5
208919,2012,511.72
208934,2012,64.15
209852,2012,898.36
209873,2012,435.68
209878,2012,111.63
209979,2012,66.41
210032,2012,134.05
210404,2012,56.21
210494,2012,13.38
210523,2012,17.72
210901,2012,8.19
210966,2012,832.72
211083,2012,118.58
211096,2012,38.12
211142,2012,70.41
211494,2012,59.11
211534,2012,112.25
211679,2012,72.41
212067,2012,31.71
212100,2012,50.28
212178,2012,43.13
212690,2012,44.91
213233,2012,145.19
213763,2012,55.09
213790,2012,1032.64
214374,2012,112.42
214443,2012,307.04
215732,2012,28.79
215984,2012,144.84
216170,2012,117.52
216328,2012,150.92
216366,2012,117.47
216660,2012,20.63
216856,2012,10.84
216977,2012,74.33
200156,2013,1067.12
200415,2013,47.27
200426,2013,147.59
200425,2013,170.67
200445,2013,72.57
200503,2013,26.33
200936,2013,133.49
201094,2013,133.07
203181,2013,84.68
203659,2013,1477.13
203840,2013,90.85
204325,2013,37.84
204338,2013,45.43
204715,2013,43.1
204737,2013,27.68
204744,2013,427.92
204835,2013,500.97
204842,2013,463.75
204848,2013,463.79
205042,2013,167.35
205073,2013,24.47
205303,2013,904.63
205301,2013,141.94
205305,2013,624.37
205308,2013,203.99
205315,2013,91.15
205318,2013,656.86
205317,2013,720.39
205316,2013,581.22
205323,2013,186.66
205326,2013,658.56
205330,2013,153.32
205328,2013,469.77
205332,2013,245.75
205337,2013,147.47
205350,2013,452.82
205355,2013,390.24
205352,2013,96.51
205356,2013,212.16
205362,2013,77.15
205361,2013,145.34
206026,2013,28.75
206263,2013,369.32
207590,2013,958.09
207866,2013,58.27
208022,2013,68.42
208157,2013,474.4
208187,2013,347.07
208191,2013,226.26
208193,2013,92.05
208192,2013,165.64
208203,2013,358.45
208210,2013,204.13
208213,2013,125.97
208216,2013,955.9
208222,2013,332.67
208220,2013,877.14
208363,2013,635.92
208450,2013,46.05
208860,2013,28.89
208919,2013,638.38
208934,2013,91.48
209852,2013,790.54
209873,2013,612.96
209878,2013,110.6
209979,2013,64.36
210032,2013,166.61
210404,2013,46.77
210494,2013,19.29
210523,2013,27.93
210901,2013,31.12
210966,2013,758.7
211083,2013,135.05
211096,2013,34.51
211142,2013,76.67
211494,2013,134.71
211534,2013,150.89
211679,2013,58.69
212067,2013,30.66
212100,2013,74.5
212178,2013,71.72
212690,2013,66.16
213233,2013,152.54
213763,2013,61.25
213790,2013,1210.53
214374,2013,112.31
214443,2013,419.21
215732,2013,31.58
215984,2013,153.74
216170,2013,119.38
216328,2013,155.33
216366,2013,125.51
216660,2013,20.88
216856,2013,11.51
216977,2013,76.28
200156,2014,1525.77
200415,2014,62.55
200426,2014,192.83
200425,2014,222
200445,2014,95.49
200503,2014,34.42
200936,2014,186.64
201094,2014,160.23
203181,2014,104.31
203659,2014,1949.98
203840,2014,101.28
204325,2014,33.4
204338,2014,41.53
204715,2014,40.91
204737,2014,30.45
204744,2014,421.6
204835,2014,674.02
204842,2014,615.21
204848,2014,615.43
205042,2014,239.09
205073,2014,37.62
205303,2014,1260.63
205301,2014,190.59
205305,2014,885.46
205308,2014,285.53
205315,2014,137.02
205318,2014,953.71
205317,2014,1046.37
205316,2014,825.36
205323,2014,280.63
205326,2014,834.79
205330,2014,223.6
205328,2014,603.68
205332,2014,294.79
205337,2014,185.17
205350,2014,588.86
205355,2014,377.07
205352,2014,115.14
205356,2014,194.88
205362,2014,73.57
205361,2014,145.53
206026,2014,32.98
206263,2014,495.53
207590,2014,1295.8
207866,2014,87.36
208022,2014,96.64
208157,2014,687.3
208187,2014,495.78
208191,2014,323.04
208193,2014,100.47
208192,2014,187.03
208203,2014,509.11
208210,2014,207.27
208213,2014,122.17
208216,2014,1376.45
208222,2014,448.99
208220,2014,1265.95
208363,2014,881.55
208450,2014,59.39
208860,2014,20.78
208919,2014,698.42
208934,2014,129.34
209852,2014,1127.77
209873,2014,652.12
209878,2014,129.33
209979,2014,79.26
210032,2014,221.86
210404,2014,77.09
210494,2014,19.61
210523,2014,29.51
210901,2014,25.56
210966,2014,1086.91
211083,2014,146.94
211096,2014,56.8
211142,2014,97.5
211494,2014,113.56
211534,2014,221.02
211679,2014,100.8
212067,2014,53.73
212100,2014,105.7
212178,2014,75.08
212690,2014,65.83
213233,2014,172.37
213763,2014,67.76
213790,2014,1406.86
214374,2014,129.33
214443,2014,450.14
215732,2014,39.31
215984,2014,181.74
216170,2014,144.46
216328,2014,191.27
216366,2014,142.31
216660,2014,24.94
216856,2014,13.01
216977,2014,89.33
200156,2015,333.57
200415,2015,35.52
200426,2015,65.18
200425,2015,77.54
200445,2015,39.1
200503,2015,21.89
200936,2015,77.45
201094,2015,87.74
203181,2015,59.1
203659,2015,636.23
203840,2015,63.91
204325,2015,1.53
204338,2015,2.76
204715,2015,0.65
204737,2015,1.11
204744,2015,20.65
204835,2015,328.92
204842,2015,301.81
204848,2015,301.88
205042,2015,51.27
205073,2015,6.32
205303,2015,493.84
205301,2015,68.99
205305,2015,104.87
205308,2015,138.64
205315,2015,5.95
205318,2015,322.23
205317,2015,365.16
205316,2015,122.75
205323,2015,89.15
205326,2015,320.14
205330,2015,9.4
205328,2015,190.35
205332,2015,51.11
205337,2015,46.69
205350,2015,210.44
205355,2015,12.84
205352,2015,6.73
205356,2015,6.17
205362,2015,2.26
205361,2015,4.42
206026,2015,1.75
206263,2015,253.9
207590,2015,292.86
207866,2015,27.25
208022,2015,49.14
208157,2015,58.91
208187,2015,156.87
208191,2015,82.68
208193,2015,4.79
208192,2015,12.85
208203,2015,32.94
208210,2015,8.38
208213,2015,5.26
208216,2015,251.25
208222,2015,99.21
208220,2015,221.9
208363,2015,425.14
208450,2015,25.51
208860,2015,0.45
208919,2015,212.71
208934,2015,3.98
209852,2015,409.21
209873,2015,91.87
209878,2015,88.9
209979,2015,53.31
210032,2015,17.08
210404,2015,9.28
210494,2015,0.27
210523,2015,0.65
210901,2015,0.45
210966,2015,212.19
211083,2015,91.26
211096,2015,3.72
211142,2015,22.91
211494,2015,4.65
211534,2015,8.64
211679,2015,4.16
212067,2015,11.31
212100,2015,3.54
212178,2015,3.38
212690,2015,1.76
213233,2015,104.21
213763,2015,43.86
213790,2015,399.98
214374,2015,86.65
214443,2015,71.12
215732,2015,8.93
215984,2015,112.19
216170,2015,89.3
216328,2015,111.63
216366,2015,93.59
216660,2015,15.98
216856,2015,8
216977,2015,56.3
200156,2016,1433.88
200415,2016,63.6
200426,2016,256.23
200425,2016,296.57
200445,2016,118.4
200503,2016,32.32
200936,2016,135.59
201094,2016,202.13
203181,2016,127.82
203659,2016,2454.98
203840,2016,124.69
204325,2016,42.81
204338,2016,57.36
204715,2016,42.28
204737,2016,36.66
204744,2016,535.26
204835,2016,495.37
204842,2016,425.86
204848,2016,426.13
205042,2016,266.7
205073,2016,49.75
205303,2016,1454.71
205301,2016,255.92
205305,2016,1093.9
205308,2016,356.81
205315,2016,168.65
205318,2016,1043.92
205317,2016,1158.12
205316,2016,659.67
205323,2016,283.1
205326,2016,1053.25
205330,2016,288.1
205328,2016,754.92
205332,2016,378.32
205337,2016,216.1
205350,2016,699.37
205355,2016,479.16
205352,2016,148.19
205356,2016,226.64
205362,2016,101.93
205361,2016,206.2
206026,2016,44.25
206263,2016,629.1
207590,2016,1652.17
207866,2016,112.23
208022,2016,117.83
208157,2016,834.15
208187,2016,555.43
208191,2016,355.68
208193,2016,145.3
208192,2016,259.08
208203,2016,640.15
208210,2016,247.71
208213,2016,145.71
208216,2016,1252.63
208222,2016,358.25
208220,2016,1095.85
208363,2016,739.69
208450,2016,76.1
208860,2016,26.77
208919,2016,838.07
208934,2016,106.72
209852,2016,1278.11
209873,2016,812.83
209878,2016,168.1
209979,2016,91.29
210032,2016,277.64
210404,2016,82.64
210494,2016,27.9
210523,2016,35.29
210901,2016,35.56
210966,2016,872.92
211083,2016,186.44
211096,2016,65.4
211142,2016,110.35
211494,2016,132.21
211534,2016,189.77
211679,2016,69.08
212067,2016,51.65
212100,2016,137.28
212178,2016,112.53
212690,2016,76.55
213233,2016,206.45
213763,2016,87.09
213790,2016,1730.33
214374,2016,166.79
214443,2016,526.35
215732,2016,48.44
215984,2016,231.29
216170,2016,180.32
216328,2016,234.76
216366,2016,180.67
216660,2016,31.61
216856,2016,16.14
216977,2016,117.37
200156,2017,1851.39
200415,2017,74.54
200426,2017,275.34
200425,2017,317.8
200445,2017,153.96
200503,2017,34.91
200936,2017,195.43
201094,2017,219.43
203181,2017,114.38
203659,2017,2839.01
203840,2017,136.13
204325,2017,78.08
204338,2017,92.96
204715,2017,49.84
204737,2017,71.32
204744,2017,871.93
204835,2017,707.91
204842,2017,606.34
204848,2017,606.84
205042,2017,306.7
205073,2017,77.04
205303,2017,1701.71
205301,2017,284.29
205305,2017,1417.71
205308,2017,414.18
205315,2017,211.76
205318,2017,1191.64
205317,2017,1335.79
205316,2017,828.83
205323,2017,364.67
205326,2017,1210.33
205330,2017,312.97
205328,2017,896.76
205332,2017,461.75
205337,2017,227.93
205350,2017,819
205355,2017,790.85
205352,2017,167.22
205356,2017,372.37
205362,2017,180.75
205361,2017,339.27
206026,2017,56.77
206263,2017,725.08
207590,2017,2002.12
207866,2017,160.44
208022,2017,144.93
208157,2017,1084.37
208187,2017,603.98
208191,2017,400.34
208193,2017,224.74
208192,2017,351.13
208203,2017,770.34
208210,2017,412.67
208213,2017,224.98
208216,2017,1633.76
208222,2017,391.75
208220,2017,1422.92
208363,2017,1043.71
208450,2017,84.99
208860,2017,30.15
208919,2017,1103.21
208934,2017,142.77
209852,2017,1494.78
209873,2017,1212.9
209878,2017,149.26
209979,2017,91.03
210032,2017,340.64
210404,2017,125.96
210494,2017,45.73
210523,2017,58.2
210901,2017,37.09
210966,2017,1123.8
211083,2017,192.92
211096,2017,95.3
211142,2017,150.45
211494,2017,185.02
211534,2017,247.16
211679,2017,127.03
212067,2017,69.96
212100,2017,117.32
212178,2017,182.98
212690,2017,134.71
213233,2017,233.27
213763,2017,81.07
213790,2017,2252.61
214374,2017,166.89
214443,2017,804.73
215732,2017,63.76
215984,2017,208.74
216170,2017,171.38
216328,2017,215.8
216366,2017,173.99
216660,2017,28.04
216856,2017,17.51
216977,2017,111.17
200156,2018,430.48
200415,2018,3.45
200426,2018,5.23
200425,2018,6.14
200445,2018,10.46
200503,2018,2.47
200936,2018,28.68
201094,2018,17.06
203181,2018,1.88
203659,2018,73.85
203840,2018,28.86
204325,2018,4.23
204338,2018,9.62
204715,2018,10.13
204737,2018,2.58
204744,2018,29.15
204835,2018,145.75
204842,2018,141.21
204848,2018,141.18
205042,2018,2.9
205073,2018,1.39
205303,2018,50.17
205301,2018,5.08
205305,2018,34.6
205308,2018,27.66
205315,2018,7.31
205318,2018,23.73
205317,2018,32.66
205316,2018,372.9
205323,2018,4.89
205326,2018,48.68
205330,2018,12.75
205328,2018,32.75
205332,2018,7.64
205337,2018,3.92
205350,2018,35.35
205355,2018,26.68
205352,2018,7.78
205356,2018,16.89
205362,2018,5.04
205361,2018,7.5
206026,2018,0.49
206263,2018,45.07
207590,2018,49.39
207866,2018,4.42
208022,2018,8.9
208157,2018,30.13
208187,2018,11.97
208191,2018,4.33
208193,2018,5.11
208192,2018,6.1
208203,2018,26.37
208210,2018,26.45
208213,2018,15.99
208216,2018,425.93
208222,2018,325.3
208220,2018,423.69
208363,2018,162.75
208450,2018,1.11
208860,2018,3.32
208919,2018,62.93
208934,2018,21.17
209852,2018,39.51
209873,2018,39.25
209878,2018,16.62
209979,2018,6.87
210032,2018,12.41
210404,2018,1.12
210494,2018,0.71
210523,2018,5.4
210901,2018,8.18
210966,2018,416.64
211083,2018,29.1
211096,2018,0.87
211142,2018,3.63
211494,2018,11.15
211534,2018,28.62
211679,2018,15.85
212067,2018,13.7
212100,2018,9.63
212178,2018,5.01
212690,2018,8.67
213233,2018,42.73
213763,2018,9.59
213790,2018,94.43
214374,2018,16.01
214443,2018,43.32
215732,2018,1.97
215984,2018,12.6
216170,2018,14.6
216328,2018,13.06
216366,2018,26.08
216660,2018,3.26
216856,2018,3.14
216977,2018,9.61
200156,2019,1020.75
200415,2019,30.48
200426,2019,88.61
200425,2019,104.43
200445,2019,84.07
200503,2019,15.84
200936,2019,98.92
201094,2019,117.52
203181,2019,42.66
203659,2019,1139.69
203840,2019,107.3
204325,2019,69.13
204338,2019,90.99
204715,2019,58.9
204737,2019,43.25
204744,2019,553.31
204835,2019,401.09
204842,2019,360.99
204848,2019,361.16
205042,2019,133.76
205073,2019,24.37
205303,2019,845.99
205301,2019,102.24
205305,2019,594.35
205308,2019,239.16
205315,2019,70.52
205318,2019,565.2
205317,2019,655.07
205316,2019,632.07
205323,2019,159.82
205326,2019,612.74
205330,2019,144.15
205328,2019,451.81
205332,2019,216.82
205337,2019,119.42
205350,2019,462.38
205355,2019,504.8
205352,2019,113.23
205356,2019,272.07
205362,2019,118.15
205361,2019,185.53
206026,2019,25.5
206263,2019,403.95
207590,2019,813.04
207866,2019,58.79
208022,2019,85.17
208157,2019,498
208187,2019,284.23
208191,2019,173.55
208193,2019,111.16
208192,2019,168.34
208203,2019,387.12
208210,2019,287.82
208213,2019,169.63
208216,2019,935.77
208222,2019,401.3
208220,2019,867.26
208363,2019,543.62
208450,2019,29.85
208860,2019,33.26
208919,2019,736.57
208934,2019,91.34
209852,2019,735.98
209873,2019,767.5
209878,2019,80.44
209979,2019,47.43
210032,2019,194.42
210404,2019,51.01
210494,2019,20.21
210523,2019,40.68
210901,2019,42.07
210966,2019,770.7
211083,2019,117.56
211096,2019,46.06
211142,2019,96.93
211494,2019,148.05
211534,2019,133.81
211679,2019,73.23
212067,2019,29.52
212100,2019,55.44
212178,2019,90.72
212690,2019,87.1
213233,2019,190.5
213763,2019,45.24
213790,2019,1351.27
214374,2019,91.45
214443,2019,539.81
215732,2019,37.51
215984,2019,108.62
216170,2019,94.45
216328,2019,113.88
216366,2019,108.9
216660,2019,15.26
216856,2019,11.42
216977,2019,56.34
200156,2020,710.81
200415,2020,20.08
200426,2020,37.2
200425,2020,45.32
200445,2020,34.19
200503,2020,10.6
200936,2020,75.01
201094,2020,60.51
203181,2020,24
203659,2020,532.12
203840,2020,49.07
204325,2020,10.37
204338,2020,19.64
204715,2020,14.27
204737,2020,8.15
204744,2020,108.12
204835,2020,287.58
204842,2020,261.95
204848,2020,262.04
205042,2020,47.17
205073,2020,15.66
205303,2020,422.7
205301,2020,59.4
205305,2020,220.78
205308,2020,112.61
205315,2020,36.39
205318,2020,264.11
205317,2020,307.72
205316,2020,446.02
205323,2020,82.61
205326,2020,238.2
205330,2020,51.22
205328,2020,157.03
205332,2020,44.98
205337,2020,20.38
205350,2020,134.94
205355,2020,100.24
205352,2020,22.87
205356,2020,56.09
205362,2020,19.59
205361,2020,35.56
206026,2020,5.03
206263,2020,203.27
207590,2020,332.84
207866,2020,35.37
208022,2020,46.38
208157,2020,172.65
208187,2020,121.49
208191,2020,66.62
208193,2020,21.59
208192,2020,30.6
208203,2020,122.94
208210,2020,36.14
208213,2020,16.35
208216,2020,652.42
208222,2020,318.16
208220,2020,608.7
208363,2020,386.78
208450,2020,16.95
208860,2020,8.61
208919,2020,154.52
208934,2020,39.57
209852,2020,354.31
209873,2020,152.65
209878,2020,52.33
209979,2020,30.97
210032,2020,47.98
210404,2020,24.74
210494,2020,4.68
210523,2020,5.01
210901,2020,11.22
210966,2020,557.49
211083,2020,58.93
211096,2020,15.05
211142,2020,16.76
211494,2020,32.9
211534,2020,66.66
211679,2020,42.75
212067,2020,27.26
212100,2020,26.04
212178,2020,18.3
212690,2020,12.14
213233,2020,79.96
213763,2020,23.57
213790,2020,346.4
214374,2020,58.32
214443,2020,87.87
215732,2020,7.25
215984,2020,52.97
216170,2020,52
216328,2020,48.95
216366,2020,58.04
216660,2020,8.54
216856,2020,5.87
216977,2020,34.62
200156,2021,958.98
200415,2021,61.52
200426,2021,110.94
200425,2021,129.96
200445,2021,62.54
200503,2021,32.74
200936,2021,130.24
201094,2021,102.23
203181,2021,86.55
203659,2021,1468.99
203840,2021,92.43
204325,2021,36.1
204338,2021,19.77
204715,2021,25.96
204737,2021,24.99
204744,2021,279.67
204835,2021,519.12
204842,2021,451.02
204848,2021,451.37
205042,2021,130.74
205073,2021,29.19
205303,2021,839.87
205301,2021,187.59
205305,2021,604.96
205308,2021,195.13
205315,2021,52.57
205318,2021,595.67
205317,2021,645.38
205316,2021,610.01
205323,2021,191.9
205326,2021,565.64
205330,2021,187.59
205328,2021,381.42
205332,2021,202.66
205337,2021,80.15
205350,2021,395.09
205355,2021,239.84
205352,2021,83.44
205356,2021,104.85
205362,2021,73.45
205361,2021,111.85
206026,2021,24.7
206263,2021,350.33
207590,2021,847.29
207866,2021,105.34
208022,2021,68.57
208157,2021,477.63
208187,2021,296.67
208191,2021,185.36
208193,2021,62.27
208192,2021,118.01
208203,2021,391.83
208210,2021,105.9
208213,2021,49.43
208216,2021,962.66
208222,2021,361.45
208220,2021,861.32
208363,2021,749.58
208450,2021,63.18
208860,2021,4.14
208919,2021,437.29
208934,2021,71.66
209852,2021,700.93
209873,2021,458.75
209878,2021,106.19
209979,2021,0.07
210032,2021,162.79
210404,2021,43.8
210494,2021,10.45
210523,2021,10.63
210901,2021,14.53
210966,2021,790.54
211083,2021,116.97
211096,2021,41.89
211142,2021,72.24
211494,2021,63.75
211534,2021,126.85
211679,2021,83.88
212067,2021,41.6
212100,2021,99.73
212178,2021,44.98
212690,2021,37.85
213233,2021,128.79
213763,2021,50.16
213790,2021,970.2
214374,2021,0
214443,2021,241.63
215732,2021,29.92
215984,2021,152.67
216170,2021,0
216328,2021,132.89
216366,2021,0
216660,2021,18.64
216856,2021,10.16
216977,2021,0
200156,2022,1016.09
200415,2022,44.63
200426,2022,133.44
200425,2022,153.18
200445,2022,88.55
200503,2022,22.56
200936,2022,157.37
201094,2022,151.96
203181,2022,67.08
203659,2022,1364.91
203840,2022,99.27
204325,2022,27.21
204338,2022,10.84
204715,2022,22.42
204737,2022,16.72
204744,2022,245.48
204835,2022,412.4
204842,2022,378.55
204848,2022,378.7
205042,2022,144.05
205073,2022,22.62
205303,2022,915.31
205301,2022,132.87
205305,2022,671.97
205308,2022,224.64
205315,2022,93.33
205318,2022,656.91
205317,2022,712.53
205316,2022,623.92
205323,2022,222.94
205326,2022,617.65
205330,2022,173.52
205328,2022,406.35
205332,2022,195.65
205337,2022,95.99
205350,2022,507.61
205355,2022,212.22
205352,2022,64.36
205356,2022,101.45
205362,2022,53.18
205361,2022,91.21
206026,2022,24.11
206263,2022,404.61
207590,2022,946.67
207866,2022,64.13
208022,2022,78.42
208157,2022,516.12
208187,2022,318.33
208191,2022,203.17
208193,2022,48.37
208192,2022,107
208203,2022,379.65
208210,2022,135.08
208213,2022,88.55
208216,2022,1019.96
208222,2022,323.2
208220,2022,941.75
208363,2022,556.72
208450,2022,35.31
208860,2022,4.21
208919,2022,485.82
208934,2022,95.1
209852,2022,787.02
209873,2022,438.29
209878,2022,95.2
209979,2022,0
210032,2022,151.64
210404,2022,55.66
210494,2022,10.3
210523,2022,12.67
210901,2022,8.68
210966,2022,828.27
211083,2022,143.17
211096,2022,41.18
211142,2022,90.62
211494,2022,59.41
211534,2022,174.28
211679,2022,75.78
212067,2022,36.02
212100,2022,86.24
212178,2022,32.38
212690,2022,32.27
213233,2022,146.51
213763,2022,64.97
213790,2022,1109.04
214374,2022,0
214443,2022,268.27
215732,2022,27.12
215984,2022,188.81
216170,2022,0
216328,2022,192.41
216366,2022,0
216660,2022,22.43
216856,2022,11.82
216977,2022,0
200156,2023,1397.85
200415,2023,65.63
200426,2023,203.92
200425,2023,234.77
200445,2023,139.64
200503,2023,35.37
200936,2023,219.92
201094,2023,208.83
203181,2023,102.12
203659,2023,2170.13
203840,2023,126.02
204325,2023,54.46
204338,2023,28.89
204715,2023,47.97
204737,2023,38.26
204744,2023,520.27
204835,2023,644.23
204842,2023,587.29
204848,2023,587.51
205042,2023,212.08
205073,2023,44.16
205303,2023,1330.76
205301,2023,228.65
205305,2023,1087.1
205308,2023,318.32
205315,2023,141.9
205318,2023,975.8
205317,2023,1060.33
205316,2023,764.1
205323,2023,332.17
205326,2023,1093.41
205330,2023,272.49
205328,2023,765.3
205332,2023,427.78
205337,2023,177.26
205350,2023,769.3
205355,2023,449.38
205352,2023,133.61
205356,2023,192.79
205362,2023,112.11
205361,2023,208.96
206026,2023,56.63
206263,2023,558.2
207590,2023,1481.61
207866,2023,104.12
208022,2023,107.79
208157,2023,816.06
208187,2023,474.76
208191,2023,301.11
208193,2023,133.28
208192,2023,275.93
208203,2023,615.17
208210,2023,238.14
208213,2023,137.48
208216,2023,1402.62
208222,2023,377.56
208220,2023,1275.38
208363,2023,880.54
208450,2023,66.89
208860,2023,13.99
208919,2023,764.09
208934,2023,126.36
209852,2023,1156.8
209873,2023,852.48
209878,2023,139.97
209979,2023,0
210032,2023,269.57
210404,2023,79.52
210494,2023,23.19
210523,2023,27.61
210901,2023,23.88
210966,2023,1084.36
211083,2023,191.73
211096,2023,62.4
211142,2023,141.54
211494,2023,117.25
211534,2023,231.92
211679,2023,88.36
212067,2023,73.48
212100,2023,139.29
212178,2023,94.77
212690,2023,70.13
213233,2023,199.26
213763,2023,81.28
213790,2023,1834.96
214374,2023,0
214443,2023,481.26
215732,2023,57.7
215984,2023,248.62
216170,2023,0
216328,2023,231.53
216366,2023,0
216660,2023,26.32
216856,2023,15.87
216977,2023,0
200156,2024,1300.86
200415,2024,56.87
200426,2024,155.96
200425,2024,181.36
200445,2024,94.5
200503,2024,28.69
200936,2024,158.4
201094,2024,172.64
203181,2024,90.77
203659,2024,1797.6
203840,2024,125.86
204325,2024,43.2
204338,2024,32.61
204715,2024,44.42
204737,2024,30.13
204744,2024,332.87
204835,2024,504.05
204842,2024,463.49
204848,2024,463.71
205042,2024,141.2
205073,2024,37.49
205303,2024,1040.17
205301,2024,186.36
205305,2024,875.04
205308,2024,261.39
205315,2024,130.67
205318,2024,737.09
205317,2024,802.61
205316,2024,808.56
205323,2024,238.29
205326,2024,731.95
205330,2024,245.08
205328,2024,490.48
205332,2024,258.88
205337,2024,100.51
205350,2024,557.69
205355,2024,289.59
205352,2024,108.25
205356,2024,136.32
205362,2024,81.76
205361,2024,127.29
206026,2024,32.01
206263,2024,470.53
207590,2024,1201.25
207866,2024,82.07
208022,2024,92.53
208157,2024,668.56
208187,2024,344.39
208191,2024,200.48
208193,2024,85.07
208192,2024,160.68
208203,2024,518.12
208210,2024,141.08
208213,2024,72.53
208216,2024,1308.83
208222,2024,426.19
208220,2024,1203.46
208363,2024,694.8
208450,2024,54.02
208860,2024,6.65
208919,2024,550.57
208934,2024,129.59
209852,2024,879.35
209873,2024,536.7
209878,2024,128.63
209979,2024,0
210032,2024,212.6
210404,2024,53.69
210494,2024,13.32
210523,2024,15.75
210901,2024,23.25
210966,2024,1038.34
211083,2024,168.94
211096,2024,56.08
211142,2024,84.28
211494,2024,78.62
211534,2024,228.88
211679,2024,105.67
212067,2024,56.24
212100,2024,128.28
212178,2024,61.38
212690,2024,43.84
213233,2024,164.65
213763,2024,74.91
213790,2024,1280.87
214374,2024,0
214443,2024,303.31
215732,2024,36.49
215984,2024,211.95
216170,2024,0
216328,2024,197.36
216366,2024,0
216660,2024,24.91
216856,2024,14.89
216977,2024,0
