HYBAS_ID,YYYY,Q,pred,p_below,p_normal,p_above,class_hat,entropy
1040022430,19930101,15.8169743589744,15.1375409615386,1.94699228857052e-58,0,1,above,5.72619979883083e-11
1040022430,19940101,4.33482051282051,4.49383153846151,0.95811165673319,0.0418883432668102,1.11022302462516e-16,below,0.173899658191488
1040022430,19950101,6.5464358974359,6.40590258974358,0.0709154543842625,0.929084317258136,2.28357601828044e-07,normal,0.256004235798614
1040022430,19960101,10.0271025641026,9.6566260641026,2.4878896488146e-12,0.346937951833721,0.653062048163791,above,0.645530476396404
1040022430,19970101,16.0283333333333,15.281827397436,3.85096464127254e-60,0,1,above,5.72619979883083e-11
1040022430,19980101,2.83607692307692,3.17727484615388,0.999957755022028,4.22449779717837e-05,0,below,0.000467736591729212
1040022430,19990101,9.42130769230769,9.73494348076932,9.80272080942823e-13,0.299931778990884,0.700068221008136,above,0.61080648748642
1040022430,20000101,2.44092307692308,2.95021578205128,0.999991877031389,8.12296861063544e-06,0,below,0.000103330775596618
1040022430,20010101,4.60530769230769,4.70839733333333,0.914702091992882,0.0852979080071161,1.55431223447522e-15,below,0.291521743231271
1040022430,20020101,11.2808717948718,10.6264623653847,7.41651237431647e-18,0.0219115837692444,0.978088416230756,above,0.105388213349831
1040022430,20030101,6.01628205128205,6.59840941880346,0.0366466719961254,0.96335215839675,1.16960712426284e-06,normal,0.157153680988461
1040022430,20040101,8.40394871794872,8.25234921794878,2.58917227726691e-06,0.97471976497775,0.0252776458499723,normal,0.117958276658241
1040022430,20050101,7.96051282051282,7.69172904487187,0.000147461405542467,0.997944302301464,0.00190823629299353,normal,0.0153030459025139
1040022430,20060101,5.60453846153846,6.00059929487176,0.214447386191435,0.785552608531688,5.27687760154549e-09,normal,0.519789923659594
1040022430,20070101,10.0651282051282,9.41134647222225,4.12408593305322e-11,0.506646644854848,0.493353355103911,normal,0.693058823180098
1040022430,20080101,7.19302564102564,7.25161356837612,0.00196598392065361,0.997891808460312,0.000142207619034496,normal,0.0156172192123806
1040022430,20090101,22.006358974359,19.8649305128203,2.19580281850165e-127,0,1,above,5.72619979883083e-11
1040022430,20100101,16.8886666666667,16.7194885128204,1.70639743504711e-78,0,1,above,5.72619979883083e-11
1040022430,20110101,8.00789743589744,8.04910168589747,1.23528470086074e-05,0.989126625243411,0.0108610219095808,normal,0.0600734361718663
1040022430,20120101,9.99264102564103,11.6132775512822,1.23012947049702e-24,0.000123016026909784,0.99987698397309,above,0.00123054587921966
1040022430,20130101,4.84735897435897,5.10160874358971,0.76195164752643,0.23804835247332,2.50022225145585e-13,below,0.548819843404812
1040022430,20140101,6.90297435897436,6.42950105769237,0.0657160594993942,0.934283660008519,2.80492087001427e-07,normal,0.242418519327681
1040022430,20150101,7.52282051282051,8.17837840170945,4.63139446032186e-06,0.981184911751236,0.0188104568543036,normal,0.0934342344148882
1040022430,20160101,4.75910256410256,4.35494852564104,0.975088533131429,0.0249114668685709,0,below,0.116582341614221
1040022430,20170101,9.38510256410256,9.09867703205129,1.16448420201684e-09,0.705277966837504,0.294722031998011,normal,0.606325764836626
1040022430,20180101,4.16828205128205,4.51972325641023,0.95408994869001,0.0459100513099904,1.11022302462516e-16,below,0.1862918135379
1040022430,20190101,6.40105128205128,6.39800360470089,0.0727246697953303,0.927275117108034,2.13096636114685e-07,normal,0.260633944134091
1040022430,20200101,6.14948717948718,6.04153148076928,0.195018914418939,0.804981077702826,7.87823473125115e-09,normal,0.493419301442352
1040022430,20210101,4.92830769230769,4.91459892307687,0.84741106185355,0.152588938146426,2.38697950294409e-14,below,0.427173701397596
1040022430,20220101,8.50197435897436,8.33256485256417,1.35537911205293e-06,0.965700102954745,0.0342985416661433,normal,0.149400185705658
1040022430,20230101,5.52764102564103,5.19347984615386,0.711894613077061,0.288105386922173,7.65831842386433e-13,below,0.600446548266751
1040022430,20240101,7.12284615384615,7.08436947008543,0.00460940716941534,0.995344221453763,4.6371376822063e-05,normal,0.0299046806106418
1040022430,20250101,7.15793589743589,7.12059823290598,0.00385596241326161,0.996084551984183,5.94856025549761e-05,normal,0.0259185125258069
1040022430,20260101,NA,7.70934030128213,0.000131541212373775,0.997773439254139,0.00209501953348756,normal,0.0163220409988565
1040023300,19930101,1107.78218518519,1083.71655572223,0.024590001058597,0.975409998941403,2.22044604925031e-16,normal,0.115401326063132
1040023300,19940101,1041.01988888889,1061.63570933334,0.17495889735444,0.82504110264556,0,normal,0.463662700340537
1040023300,19950101,1129.01188888889,1129.05777731482,2.18748882277503e-05,0.999978124208713,9.03059071966084e-10,normal,0.000256615654863021
1040023300,19960101,1199.29433333333,1195.22924940742,3.47936113344456e-13,0.998254518037744,0.00174548196190838,normal,0.0128290329239632
1040023300,19970101,1235.28203703704,1211.90321544444,8.61926888365413e-16,0.983876117492473,0.0161238825075258,normal,0.0825437672538354
1040023300,19980101,1038.13362962963,1042.82601638888,0.477911480523682,0.522088519476318,0,normal,0.692171057555821
1040023300,19990101,1063.62196296296,1071.5202430185,0.0812292685694437,0.918770731430556,0,normal,0.281761454249329
1040023300,20000101,1339.61981481481,1348.44936675924,5.86864115870599e-47,1.10667862042169e-05,0.999988933213796,above,0.000137356072380567
1040023300,20010101,1231.4322962963,1222.87738409261,1.19788566443909e-17,0.948267635406692,0.0517323645933083,normal,0.203584834573748
1040023300,20020101,1041.64107407407,1045.310924,0.431889604423182,0.568110395576818,0,normal,0.683840219411739
1040023300,20030101,1023.36707407407,1047.71990818519,0.388134167195937,0.611865832804063,0,normal,0.667906156042845
1040023300,20040101,1257.707,1250.86950833334,6.76462876452977e-23,0.625384145985528,0.374615854014472,normal,0.661366691718208
1040023300,20050101,1216.24218518519,1203.26349061112,2.08075579572798e-14,0.994539755583244,0.00546024441673543,normal,0.0338946125993377
1040023300,20060101,1139.87885185185,1126.55788683333,3.59575714595722e-05,0.999964041992497,4.36043645635209e-10,normal,0.000403926732536868
1040023300,20070101,1048.70174074074,1067.53680583332,0.113019601276368,0.886980398723632,0,normal,0.352782341861105
1040023300,20080101,1173.05988888889,1188.69769753703,3.10180107257089e-12,0.999372735200142,0.000627264796756233,normal,0.00525260765717519
1040023300,20090101,1477.48611111111,1478.76972979629,4.02195671039247e-93,0,1,above,5.72619979883083e-11
1040023300,20100101,1522.20088888889,1514.50536005556,1.37163243179177e-108,0,1,above,5.72619979883083e-11
1040023300,20110101,1466.09981481481,1477.49019483333,1.36716951011625e-92,0,1,above,5.72619979883083e-11
1040023300,20120101,1172.64066666667,1185.42090611111,8.98057990323744e-12,0.999636743540647,0.000363256450372718,normal,0.00324032763595664
1040023300,20130101,1096.54733333333,1099.45571105555,0.00343756400652634,0.996562435993405,6.89448498292222e-14,normal,0.0229329226126892
1040023300,20140101,916.838962962963,961.102482981485,0.999916784543432,8.32154565681975e-05,0,below,0.000864944466845805
1040023300,20150101,900.023555555556,926.161805722233,0.999999966428496,3.35715039101459e-08,0,below,6.11351892935235e-07
1040023300,20160101,949.307222222222,955.440764962963,0.99997209525997,2.79047400300048e-05,0,below,0.000320533406980427
1040023300,20170101,1119.04603703704,1092.74030561111,0.00844972804013248,0.991550271959861,6.21724893790088e-15,normal,0.0487497275496896
1040023300,20180101,920.427888888889,930.064588425924,0.999999908683636,9.13163642479731e-08,0,below,1.57148607945609e-06
1040023300,20190101,988.899962962963,965.900269537034,0.999800603248156,0.000199396751844105,0,below,0.00189827989428563
1040023300,20200101,1134.83033333333,1157.05977437037,3.41053335025204e-08,0.999998698154005,1.26774066167012e-06,normal,1.91019762221753e-05
1040023300,20210101,1117.73681481481,1067.3442697963,0.114754652371899,0.885245347628101,0,normal,0.356342052514543
1040023300,20220101,1394.71837037037,1340.06503968517,1.54431529733261e-44,5.90019055152213e-05,0.999940998094485,above,0.000633557257538441
1040023300,20230101,1493.2612962963,1492.87749288887,4.39302037166425e-99,0,1,above,5.72619979883083e-11
1040023300,20240101,1584.84796296296,1554.42552637035,2.68173965319765e-127,0,1,above,5.72619979883083e-11
1040023300,20250101,1537.477,1536.52795387035,1.00677192959267e-118,0,1,above,5.72619979883083e-11
1040023300,20260101,NA,1104.7291387037,0.00159213508680248,0.998407864912769,4.2854608750531e-13,normal,0.0118484828280174
1040023310,19930101,19.3786,18.5262328666666,4.6240335043394e-27,0.236655962798895,0.763344037201105,above,0.54719457274092
1040023310,19940101,14.0433,14.4021396666666,1.45796473948311e-10,0.999887249116778,0.000112750737425116,normal,0.00113768935683195
1040023310,19950101,15.9837,16.7476325500001,6.32301871543004e-19,0.88158427443382,0.11841572556618,normal,0.36375650553855
1040023310,19960101,28.1161333333333,28.7955383166666,1.6060776755049e-104,0,1,above,5.72619979883083e-11
1040023310,19970101,36.2666,35.22671085,1.41769237800563e-179,0,1,above,5.72619979883083e-11
1040023310,19980101,4.36723333333333,4.78957933333334,0.999963414095907,3.65859040931671e-05,0,below,0.000410341281261131
1040023310,19990101,17.4784,17.7225362833333,3.41700130426576e-23,0.556251788554767,0.443748211445233,normal,0.686805235019143
1040023310,20000101,25.4276666666667,26.9451527666665,1.02325917286379e-86,0,1,above,5.72619979883083e-11
1040023310,20010101,13.5596,13.35569825,1.07839222988483e-07,0.99999912411369,7.68047087040813e-07,normal,1.34195635960038e-05
1040023310,20020101,7.8974,8.08364666666659,0.672468878465406,0.327531121534594,0,below,0.632416411188186
1040023310,20030101,8.58316666666667,8.40650636666659,0.540556560474986,0.459443439525014,0,below,0.689853894557881
1040023310,20040101,7.4616,7.7430207166666,0.791209447523468,0.208790552476532,0,below,0.512349828081041
1040023310,20050101,17.8219333333333,17.3102089166666,2.48498114120072e-21,0.719701241092552,0.280298758907448,normal,0.593235262470737
1040023310,20060101,12.7559333333333,12.6082469,5.75145532464816e-06,0.999994238130108,1.04145672086275e-08,normal,7.53506650994631e-05
1040023310,20070101,7.44073333333333,7.95437184999986,0.720673209976946,0.279326790023054,0,below,0.592316371909367
1040023310,20080101,17.8755333333333,17.8920456,5.5475724805509e-24,0.484201744061003,0.515798255938997,above,0.692647927716447
1040023310,20090101,17.8549666666667,17.8384210666665,9.89466656010712e-24,0.507051075706289,0.492948924293711,normal,0.693047741954594
1040023310,20100101,9.2615,8.62161319999989,0.449090897214797,0.550909102785203,0,normal,0.687954713615916
1040023310,20110101,9.48756666666667,9.89281085000001,0.0686455769289259,0.931354423071074,0,normal,0.250121300795689
1040023310,20120101,8.50183333333333,8.26787831666668,0.598679120064144,0.401320879935856,0,below,0.673543604250475
1040023310,20130101,11.2461666666667,11.25713715,0.00162294395702098,0.998377056042074,9.05386876581815e-13,normal,0.0120466287516818
1040023310,20140101,15.7246666666667,16.3697363166667,2.13695177678768e-17,0.943703238364694,0.0562967616353058,normal,0.216653936598561
1040023310,20150101,13.5990333333333,13.1205043,4.02735233769377e-07,0.999999385132073,2.12132692856137e-07,normal,9.80478099087253e-06
1040023310,20160101,8.12883333333333,8.49552669999997,0.502687755544308,0.497312244455692,0,below,0.693132732458568
1040023310,20170101,5.369,5.06894064999997,0.999877434162041,0.000122565837958999,0,below,0.00122649197041976
1040023310,20180101,4.93823333333333,4.78012024999997,0.999964933549622,3.50664503775411e-05,0,below,0.000394786829802867
1040023310,20190101,2.30763333333333,3.42749488333334,0.999999970336549,2.96634510288385e-08,0,below,5.43859065158563e-07
1040023310,20200101,10.8690666666667,10.95213685,0.00442737009109796,0.995572629908819,8.27116153345742e-14,normal,0.0284136772655554
1040023310,20210101,11.2441666666667,12.0548902833334,7.36248959806404e-05,0.999926374814641,2.89378521145522e-10,normal,0.000774282165343049
1040023310,20220101,28.8481333333333,29.4296577166666,5.18521585676386e-111,0,1,above,5.72619979883083e-11
1040023310,20230101,38.3941,34.7298714166668,4.78039093277434e-173,0,1,above,5.72619979883083e-11
1040023310,20240101,19.2284,17.8284827666667,1.10108157831675e-23,0.511285465406305,0.488714534593695,normal,0.692892435496588
1040023310,20250101,13.1577666666666,14.7815318500001,9.83303419515519e-12,0.999486987001689,0.000513012988478168,normal,0.00439906244364664
1040023310,20260101,NA,12.2095349500001,3.73391734903495e-05,0.999962660011295,8.15214784566365e-10,normal,0.000418046683866845
1040023890,19930101,259.5925,260.554084078124,0.424388810644887,0.575611150654836,3.87002772050948e-08,normal,0.681669771321285
1040023890,19940101,286.1948125,284.504833156251,0.215865684657839,0.784133428041223,8.87300938501312e-07,normal,0.521638303816226
1040023890,19950101,578.338,585.215769046872,7.06457289274514e-17,0.00346822289518256,0.996531777104817,above,0.023106607888374
1040023890,19960101,997.38371875,1028.57396204687,3.3812261084634e-83,0,1,above,5.72619979883083e-11
1040023890,19970101,464.86353125,471.070128218746,2.89247866688104e-08,0.555053685664989,0.444946285410224,normal,0.68707356321599
1040023890,19980101,214.73478125,219.061083593751,0.799847730219207,0.20015226970553,7.52629070177591e-11,below,0.500613443542506
1040023890,19990101,476.637625,499.078960281244,4.62663471047835e-10,0.288414923353149,0.711585076184188,above,0.600726332715763
1040023890,20000101,436.48721875,436.18782175,2.5827902888368e-06,0.842745342829458,0.157252074380253,normal,0.435120341482061
1040023890,20010101,537.57753125,541.142847171874,3.81239234888503e-13,0.0543600448973725,0.945639955102246,above,0.211158305628697
1040023890,20020101,327.24296875,357.715136515629,0.00457145675363347,0.993875808037721,0.00155273520864552,normal,0.0407787426851317
1040023890,20030101,349.96528125,352.176980843753,0.00677544990276212,0.992239858019076,0.000984692078162208,normal,0.0483867983781154
1040023890,20040101,118.032,130.450703406251,0.998834444373374,0.00116555562662612,0,below,0.0090376884826226
1040023890,20050101,269.275375,266.395478921874,0.368462143780046,0.631537770466623,8.57533306586333e-08,normal,0.658133573601762
1040023890,20060101,539.520875,525.731646968744,5.82345123779371e-12,0.111088241174028,0.888911758820149,above,0.348784536653572
1040023890,20070101,146.3413125,150.097507812499,0.994704482378327,0.00529551762167313,2.22044604925031e-16,below,0.0330347210135113
1040023890,20080101,403.7410625,388.149125031248,0.000384903955191817,0.985723545930776,0.0138915501140323,normal,0.0766072310599708
1040023890,20090101,425.54275,414.579290718753,2.90207251273053e-05,0.938571219731406,0.0613997595434663,normal,0.231132140784598
1040023890,20100101,392.49,377.816586828123,0.000946575694713729,0.992053399462288,0.00700002484299844,normal,0.0492386410356134
1040023890,20110101,252.88578125,256.862406515624,0.460616025720429,0.539383951118837,2.31607343303963e-08,normal,0.690042185888523
1040023890,20120101,343.9266875,349.633457796873,0.00807061637948534,0.991135262698358,0.000794120922156583,normal,0.0533905230742307
1040023890,20130101,127.03228125,131.447868218749,0.998734658308376,0.00126534169162396,0,below,0.00970742329311115
1040023890,20140101,599.12971875,613.649698812503,1.47350181033709e-19,0.00032851156347935,0.999671488436521,above,0.00296342867998815
1040023890,20150101,189.426375,189.000445640626,0.943919964963323,0.0560800350362503,4.26658708363448e-13,below,0.216042503857048
1040023890,20160101,154.39990625,160.079361578125,0.989492195596227,0.010507804403771,1.77635683940025e-15,below,0.0583221458202776
1040023890,20170101,162.16353125,154.12374965625,0.992971331349981,0.00702866865001817,5.55111512312578e-16,below,0.0418503475453288
1040023890,20180101,352.75975,351.235251421877,0.00723184620400565,0.991858442998883,0.000909710797111107,normal,0.050126125264068
1040023890,20190101,224.88684375,230.836936078125,0.708243894508446,0.291756104999682,4.91871765539997e-10,below,0.603716601925068
1040023890,20200101,422.54140625,439.651242328122,1.70806927707522e-06,0.821132267586378,0.178866024344345,normal,0.469693677346624
1040023890,20210101,560.45375,520.862110140619,1.33745435586141e-11,0.135736596013052,0.864263403973573,above,0.397148034887866
1040023890,20220101,834.17521875,742.505222796882,2.11796013645168e-34,1.90859550386335e-11,0.999999999980914,above,5.18797912600016e-10
1040023890,20230101,1269.9568125,1073.46607715626,7.64622821425484e-93,0,1,above,5.72619979883083e-11
1040023890,20240101,470.99296875,445.443638984379,8.41833835739484e-07,0.781025093962455,0.218974064203709,normal,0.525618807789109
1040023890,20250101,372.624875,352.225560765624,0.0067526122948204,0.992258677938914,0.000988709766265194,normal,0.0483006520017489
1040023890,20260101,NA,274.144687749999,0.298534793199224,0.701464968056733,2.38744043201677e-07,normal,0.609621513622932
1040786690,19930101,52.6447931034483,72.508400273358,0.737551611132637,0.262431745253945,1.66436134185766e-05,below,0.575779824580615
1040786690,19940101,333.563275862069,344.09027449922,6.72996004625947e-10,0.00541871827243146,0.994581281054573,above,0.0336783335615271
1040786690,19950101,94.9296896551724,77.7251455628898,0.693979577785659,0.305991455505213,2.89667091278867e-05,below,0.616176769120893
1040786690,19960101,57.2365862068966,67.425087759606,0.776724505650026,0.223265941306337,9.55304363703391e-06,below,0.531128143492139
1040786690,19970101,82.8212068965517,75.0600183968801,0.716639922033959,0.283338209777863,2.18681881775096e-05,below,0.596327795586309
1040786690,19980101,47.4274482758621,71.2182098139573,0.747816191680265,0.252169331567401,1.44767523335698e-05,below,0.564877457624293
1040786690,19990101,192.439862068966,169.055401939696,0.0404766601266166,0.921053886073996,0.0384694537993873,normal,0.330883597339541
1040786690,20000101,128.836448275862,182.310451773604,0.0191294073938876,0.906196894787367,0.0746736978187456,normal,0.358695655915653
1040786690,20010101,183.639206896552,155.032162257923,0.0808545138623776,0.901911955294625,0.0172335308429977,normal,0.366453040767136
1040786690,20020101,77.3593448275862,78.683878587192,0.685636229480418,0.314331753574944,3.2016944637947e-05,below,0.622874119136909
1040786690,20030101,322.515586206897,349.607678160058,2.86150331233529e-10,0.00363773713797888,0.996362262575871,above,0.0240620821641523
1040786690,20040101,98.2900689655172,78.3444589669949,0.688601173166389,0.311367922961225,3.09038723861343e-05,below,0.620531095280948
1040786690,20050101,49.2778965517241,65.5360881435959,0.790386551715865,0.209605705815938,7.74246819701396e-06,below,0.513530832160775
1040786690,20060101,139.013620689655,135.073892574754,0.182164979573993,0.813264932759132,0.0045700876668755,normal,0.502923445411152
1040786690,20070101,190.099965517241,191.239162909195,0.0109451284010806,0.878133874833806,0.110920996765113,normal,0.407442982166727
1040786690,20080101,688.849827586207,647.412198596962,4.40603922582765e-42,0,1,above,5.72619979883083e-11
1040786690,20090101,73.5775517241379,80.0096843228652,0.67394115936071,0.326022101676297,3.67389629929438e-05,below,0.631723098537905
1040786690,20100101,200.392896551724,222.75568728009,0.00107204257787415,0.670550925469817,0.328377031952309,normal,0.640998593914088
1040786690,20110101,235.174965517241,236.677218577258,0.000321449998725297,0.539932238953188,0.459746311048086,normal,0.6926116998412
1040786690,20120101,578.953517241379,643.147832228736,1.83445798257202e-41,0,1,above,5.72619979883083e-11
1040786690,20130101,222.585620689655,223.579269355993,0.00100137844287628,0.663247915296836,0.335750706260288,normal,0.645683490437142
1040786690,20140101,127.098103448276,162.700211801355,0.0560920191612413,0.916821995345461,0.0270859854932972,normal,0.338952592482706
1040786690,20150101,102.509896551724,125.390458488752,0.251959241569062,0.745824188739369,0.00221656969156847,normal,0.579594408331714
1040786690,20160101,827.525103448276,652.531873522578,7.8348712465981e-43,0,1,above,5.72619979883083e-11
1040786690,20170101,200.322931034483,211.905020664942,0.00253998634797564,0.759225496510585,0.23823451714144,normal,0.56605884203202
1040786690,20180101,236.655448275862,280.858406493596,3.35929332024536e-06,0.161449881967631,0.838546758739049,above,0.442111420466426
1040786690,20190101,399.339379310345,355.733234775287,1.08400405576864e-10,0.00229106566051562,0.997708934231084,above,0.016215230143718
1040786690,20200101,270.844172413793,228.258719980213,0.000674783328654147,0.620544982444723,0.378780234226623,normal,0.66874367923942
1040786690,20210101,156.658,156.548174874836,0.0753968042654132,0.905710608174503,0.0188925875600835,normal,0.35958187231991
1040786690,20220101,554.224965517241,529.658481313464,9.89532303699203e-27,5.23137089203374e-13,0.999999999999477,above,5.72619979883362e-11
1040786690,20230101,220.509724137931,212.180701978694,0.00248696678553708,0.757168400577092,0.240344632637371,normal,0.568189674183239
1040786690,20240101,240.775620689655,230.179369832881,0.000571788361863894,0.602505239837655,0.396922971800481,normal,0.676296051101428
1040786690,20250101,191.269913793104,173.594267997906,0.0316472802466426,0.919572239414067,0.0487804803392907,normal,0.3337221786823
1040786690,20260101,NA,202.726797611043,0.00500376007612294,0.820961932804745,0.174034307119132,normal,0.492765395677936
1040873640,19930101,211.616,203.867747867816,0.999999711977226,2.88022774297403e-07,0,below,4.62573951936126e-06
1040873640,19940101,365.032206896552,395.05551383046,0.175854901202817,0.824145098796742,4.4086956307865e-13,normal,0.465049519576356
1040873640,19950101,531.848482758621,548.368796475576,6.47110792605518e-09,0.991627188890547,0.00837280463834478,normal,0.0483829513389028
1040873640,19960101,625.492,604.332703603448,5.73598287110673e-14,0.744193975180463,0.255806024819479,normal,0.568624279458181
1040873640,19970101,523.519448275862,523.383350866381,4.51185857210982e-07,0.999230127958151,0.000769420855991521,normal,0.0062928174716604
1040873640,19980101,222.650551724138,236.452086158045,0.999966734528366,3.32654716344027e-05,0,below,0.000376264911850149
1040873640,19990101,662.511103448276,647.147992512929,1.059147140006e-18,0.25087575881855,0.74912424118145,above,0.56329522042634
1040873640,20000101,533.685379310345,587.326198471264,2.68895721041351e-12,0.88176297065811,0.118237029339201,normal,0.363397616491983
1040873640,20010101,276.039862068966,277.935089497126,0.996549891587354,0.00345010841264592,0,below,0.02300402079445
1040873640,20020101,440.86024137931,441.441259201149,0.00889177658012952,0.99110821773704,5.68283042845508e-09,normal,0.0508447972518601
1040873640,20030101,830.176379310345,822.242167060343,5.92389919818289e-46,5.20821052951703e-10,0.999999999479179,above,1.16823222671149e-08
1040873640,20040101,289.53124137931,275.938607988504,0.997141181875192,0.00285881812480815,0,below,0.0195998175504386
1040873640,20050101,621.239931034483,590.527664087645,1.3307395674498e-12,0.860937559169389,0.13906244082928,normal,0.403257886096213
1040873640,20060101,428.101586206897,442.106981890804,0.00840713776259687,0.99159285582295,6.41445285776143e-09,normal,0.0485467980171411
1040873640,20070101,289.256931034483,286.775989658045,0.992396061499218,0.00760393850078167,0,below,0.044675247288498
1040873640,20080101,794.797379310345,820.862386060344,1.08921492547175e-45,6.80200007430187e-10,0.9999999993198,above,1.50669242789423e-08
1040873640,20090101,503.898931034483,520.535748943967,7.05351016087281e-07,0.999433500558308,0.000565794090675587,normal,0.00480693097719033
1040873640,20100101,589.821,551.395863369253,3.71905488795494e-09,0.989229087315723,0.010770908965222,normal,0.0595147494955033
1040873640,20110101,475.462517241379,447.136440341952,0.00543656193401911,0.994563422265025,1.58009557660321e-08,normal,0.0337715981395447
1040873640,20120101,657.111103448276,645.440517854886,1.69122649416827e-18,0.26803292054897,0.73196707945103,above,0.581292507606172
1040873640,20130101,279.471482758621,278.126748212643,0.996487712651404,0.0035122873485961,0,below,0.023355761118639
1040873640,20140101,178.187586206897,192.624306770114,0.9999999554936,4.45064003429252e-08,0,below,7.97923034060061e-07
1040873640,20150101,172.971655172414,192.379158011494,0.999999957325448,4.26745523363081e-08,0,below,7.66875956849815e-07
1040873640,20160101,1003.44989655172,913.794523482756,2.83094314289437e-65,0,1,above,5.72619979883083e-11
1040873640,20170101,481.821793103448,534.070595547419,7.88574826018395e-08,0.997714045036335,0.00228587610618269,normal,0.0161850560541847
1040873640,20180101,400.462413793103,415.846464499999,0.0574919253802353,0.942508074580369,3.93957089173114e-11,normal,0.220009958200947
1040873640,20190101,415.828793103448,395.920962724139,0.169000399270928,0.830999600728536,5.35904653986563e-13,normal,0.45429767259423
1040873640,20200101,571.095724137931,630.067945066092,1.00897275203068e-16,0.443564112727534,0.556435887272466,above,0.686763566729066
1040873640,20210101,534.870137931034,529.850357794541,1.59035701862069e-07,0.998494574097864,0.00150526686643415,normal,0.0112891875940908
1040873640,20220101,927.420724137931,909.754961781607,2.38777419136568e-64,0,1,above,5.72619979883083e-11
1040873640,20230101,684.221275862069,649.994093465518,4.82505246716909e-19,0.223621855002728,0.776378144997272,above,0.531453948645349
1040873640,20240101,668.147206896552,599.092231718395,1.93272129280512e-13,0.793572907218306,0.206427092781501,normal,0.509184199384734
1040873640,20250101,513.709189655173,556.207093193971,1.51505842805938e-09,0.984187312479006,0.0158126860059353,normal,0.081261337094873
1040873640,20260101,NA,556.207093193971,1.51505842805938e-09,0.984187312479006,0.0158126860059353,normal,0.081261337094873
1040873650,19930101,113.935586206897,98.9031879514373,0.318576836107427,0.681423043883178,1.20009395643272e-07,normal,0.625794045564535
1040873650,19940101,84.9212413793103,75.5875046093854,0.659362479872739,0.340637519392771,7.34490135378962e-10,below,0.641457451363305
1040873650,19950101,59.1345517241379,64.9901212508034,0.791544707899289,0.208455292044342,5.63689095400832e-11,below,0.511902844715147
1040873650,19960101,176.632655172414,170.761035024986,0.000708375966099425,0.992064926561378,0.0072266974725228,normal,0.0486684533826038
1040873650,19970101,208.255482758621,193.109703350296,2.70666989142249e-05,0.945171943240608,0.054800990060478,normal,0.212726068013304
1040873650,19980101,72.7002413793103,68.4457588994175,0.752067593641522,0.24793240622601,1.3246803653999e-10,below,0.560052242894791
1040873650,19990101,390.527448275862,345.776082533826,4.85957100356549e-23,1.47150850634548e-05,0.999985284914937,above,0.000178444421172957
1040873650,20000101,183.731482758621,182.723536368926,0.000134243103207923,0.976738310304416,0.0231274465923762,normal,0.111300873703366
1040873650,20010101,62.0975172413793,66.4220008826377,0.775655285715366,0.224344714204156,8.04782906982382e-11,below,0.532352177582861
1040873650,20020101,31.4233793103448,63.4373626511962,0.808002356452914,0.191997643508897,3.81886744449389e-11,below,0.489106638761135
1040873650,20030101,291.901206896552,340.416931733848,3.55703831922557e-22,3.51883256467511e-05,0.999964811674353,above,0.000396036842870214
1040873650,20040101,86.44,72.4166463476007,0.702196441675268,0.297803557978362,3.46370043757815e-10,below,0.608991766536385
1040873650,20050101,341.771172413793,343.752593360977,1.0353510661833e-22,2.05461840231402e-05,0.999979453815977,above,0.000242297582330892
1040873650,20060101,100.018827586207,99.8331651188285,0.306120175405211,0.693879679824616,1.44770173404751e-07,normal,0.615963444973067
1040873650,20070101,134.763103448276,141.349099573053,0.0188504743664871,0.980963332716987,0.000186192916525774,normal,0.0953127972708118
1040873650,20080101,407.909137931034,345.776082533826,4.85957100356549e-23,1.47150850634548e-05,0.999985284914937,above,0.000178444421172957
1040873650,20090101,112.148103448276,105.122342371281,0.239766940866127,0.760232647894904,4.11238968989203e-07,normal,0.550817482072872
1040873650,20100101,238.413379310345,250.413730199134,2.72175684577808e-10,0.284764561625895,0.715235438101929,above,0.597397160067705
1040873650,20110101,124.948448275862,121.679435658616,0.091155577616748,0.908836010136239,8.41224701297882e-06,normal,0.305309198869335
1040873650,20120101,235.385862068966,250.719392130568,2.52854881028279e-10,0.280851710507292,0.719148289239853,above,0.593755933059377
1040873650,20130101,63.0283793103448,65.4495010714184,0.786520738083472,0.213479261853318,6.32102148401259e-11,below,0.518530097585791
1040873650,20140101,52.8681379310345,64.4198717332038,0.797683193778899,0.202316806172223,4.88772355922151e-11,below,0.503597474621517
1040873650,20150101,16.2342068965517,62.8463395915461,0.814051688085648,0.185948311881453,3.28990168441123e-11,below,0.480294349033733
1040873650,20160101,430.094655172414,345.776082533826,4.85957100356549e-23,1.47150850634548e-05,0.999985284914937,above,0.000178444421172957
1040873650,20170101,202.167,188.858557065332,5.30642808381864e-05,0.960817043785774,0.0391298919333873,normal,0.165742280112944
1040873650,20180101,134.533379310345,138.724023237073,0.0239224964553966,0.975950540157703,0.000126963386900769,normal,0.114198139197113
1040873650,20190101,167.258068965517,166.175212490425,0.00127366806789172,0.99432143312804,0.00440489880406791,normal,0.0380492423380563
1040873650,20200101,131.617,164.198116004247,0.00162610411167766,0.994845724056575,0.00352817183174747,normal,0.0355066079726816
1040873650,20210101,187.572896551724,162.486117815588,0.00200074973584906,0.995100019813693,0.00289923045045826,normal,0.0342621833691993
1040873650,20220101,338.942827586207,344.573467203341,7.62311412123303e-23,1.79562202260453e-05,0.999982043779774,above,0.00021417401242715
1040873650,20230101,191.199896551724,180.555797454753,0.000184083925025488,0.980827289772032,0.018988626302943,normal,0.0958401738548096
1040873650,20240101,319.33524137931,322.476153176925,2.07246971419094e-19,0.000490322375629071,0.999509677624371,above,0.00422667808526905
1040873650,20250101,151.010586206897,171.62096926304,0.000632593946777085,0.991461875744141,0.00790553030908236,normal,0.0514253463125107
1040873650,20260101,NA,188.652961184174,5.47861222160348e-05,0.9614694538511,0.0384757600266843,normal,0.163659604678394
1040915980,19930101,666.6374,644.086893429669,0.970584188624931,0.029415811375069,1.11022302462516e-16,below,0.132705569790973
1040915980,19940101,719.059533333333,698.960173595403,0.796197098152986,0.203802901846466,5.48450174164827e-13,below,0.505629383653864
1040915980,19950101,883.019466666667,889.895579679756,0.00208586391501076,0.997606489765417,0.000307646319572585,normal,0.017753589380449
1040915980,19960101,1022.3378,1091.34194600815,6.84435616833919e-12,0.318639574137835,0.68136042585532,above,0.625839751236283
1040915980,19970101,1066.96406666667,1122.24774568363,9.26944261965932e-14,0.142473332321254,0.857526667678653,above,0.409428020187063
1040915980,19980101,629.302333333333,639.663952107487,0.975865706076859,0.0241342939231414,1.11022302462516e-16,below,0.113719732354871
1040915980,19990101,870.910966666667,890.23264843168,0.00204332084584991,0.997641567904144,0.000315111250006161,normal,0.0175509115905326
1040915980,20000101,858.345166666667,895.982995369914,0.00142898162885549,0.998099584534788,0.000471433836356505,normal,0.0148706284634746
1040915980,20010101,773.572333333333,771.554825887877,0.282314303971107,0.717685690500881,5.52801138198333e-09,normal,0.595125936013707
1040915980,20020101,741.775433333333,694.857395375033,0.81792042528526,0.182079574714432,3.07420755518706e-13,below,0.474532238666433
1040915980,20030101,1067.50773333333,1115.15182587597,2.56736973069542e-13,0.175661336235458,0.824338663764285,above,0.464750392917266
1040915980,20040101,787.350566666667,765.33932366662,0.324280357885803,0.675719639406793,2.70740407870562e-09,normal,0.630053925193375
1040915980,20050101,1329.38486666667,1252.18335919231,2.75033330784006e-23,0.000170205460587103,0.999829794539413,above,0.00164731981805277
1040915980,20060101,693.839533333333,677.656626890132,0.892541563395605,0.10745843660437,2.54241072639161e-14,below,0.341168370047862
1040915980,20070101,621.157933333333,641.860085545582,0.973352288781734,0.0266477112182656,1.11022302462516e-16,below,0.122888803775298
1040915980,20080101,1396.02243333333,1257.98652038852,8.9249945548758e-24,0.000110084664190269,0.99988991533581,above,0.00111341897430681
1040915980,20090101,1046.7196,1121.89714130933,9.75220629845988e-14,0.144006243713295,0.855993756286608,above,0.412169850886921
1040915980,20100101,1133.11803333333,1139.8118422478,6.87566251765708e-15,0.0794190357613705,0.920580964238623,above,0.277348157493599
1040915980,20110101,893.9039,893.841448332137,0.00163474257802731,0.997958951532237,0.00040630588973567,normal,0.0157005143990544
1040915980,20120101,1165.05066666667,1149.27510285393,1.61501040916768e-15,0.0556896024817014,0.944310397518297,above,0.214938767644184
1040915980,20130101,664.009266666667,640.033002960661,0.975457816637069,0.0245421833629307,1.11022302462516e-16,below,0.115225284478389
1040915980,20140101,447.203166666667,553.86880495143,0.999860690588066,0.000139309411933519,0,below,0.00137620197007067
1040915980,20150101,431.058966666667,563.643232497991,0.999714846146433,0.000285153853567199,0,below,0.00261267632948423
1040915980,20160101,1207.0607,1176.79046302127,1.98345721298383e-17,0.0168260982375761,0.983173901762424,above,0.0854153908853198
1040915980,20170101,885.9104,893.124527661298,0.0017094364176348,0.997904123979267,0.00038643960309781,normal,0.0160223578927714
1040915980,20180101,898.076633333333,891.89177859975,0.00184517058640221,0.997800455337937,0.000354374075660968,normal,0.0166283692472843
1040915980,20190101,801.066866666667,757.952159473988,0.377184684370025,0.622815314491982,1.13799303314011e-09,normal,0.662669080743505
1040915980,20200101,924.1578,894.040952385881,0.00161449234161807,0.997973507183566,0.000412000474816043,normal,0.0156149130051685
1040915980,20210101,890.215566666667,896.129823863623,0.00141577986284821,0.998107984369967,0.000476235767184474,normal,0.0148208583246334
1040915980,20220101,1155.77406666667,1157.36027714789,4.56350834740331e-16,0.0401970113436182,0.959802988656381,above,0.168569755827318
1040915980,20230101,971.3139,909.785132317088,0.000577896187401269,0.998239554703136,0.00118254910946269,normal,0.0140382350333114
1040915980,20240101,1153.35606666667,1121.30407769472,1.06256504582831e-13,0.146624472379805,0.853375527620089,above,0.416808931682554
1040915980,20250101,888.062983333333,899.044599568373,0.00117571460306478,0.998242833048493,0.000581452348442646,normal,0.0140186601076029
1040915980,20260101,NA,891.521851545636,0.00188777281413885,0.997766981996646,0.000345245189215193,normal,0.0168233467066602
1040915990,19930101,275.592931034483,257.461865099043,1.85562795530808e-05,0.379697125477552,0.620284318242895,above,0.664127519819957
1040915990,19940101,182.050344827586,180.639503263728,0.0468862235767163,0.937045369503391,0.016068406919893,normal,0.270780344364952
1040915990,19950101,134.360068965517,142.65261569082,0.321007072146634,0.678594155297428,0.000398772555938121,normal,0.630991744230484
1040915990,19960101,204.975137931034,197.006054704656,0.0139903897871768,0.933498018376538,0.0525115918362847,normal,0.27870739244988
1040915990,19970101,339.614931034483,346.104129311051,1.82018831458897e-12,0.000868238035776958,0.999131761962403,above,0.00698810973668615
1040915990,19980101,178.326206896552,186.66917009537,0.0308783865813205,0.943562853612109,0.0255587598065707,normal,0.255917689247243
1040915990,19990101,92.2721724137931,94.4896003989662,0.857791424111985,0.142208069086792,5.06801222655007e-07,below,0.408959386961942
1040915990,20000101,106.422689655172,94.5519066859836,0.857344151946073,0.14265533611508,5.1193884720302e-07,below,0.409762411393131
1040915990,20010101,173.566827586207,175.35926509253,0.0658409564786636,0.923743373640911,0.0104156698804254,normal,0.299935161349069
1040915990,20020101,50.3253448275862,94.3375062330229,0.858879258725095,0.141120246807408,4.94467497502704e-07,below,0.40699945665236
1040915990,20030101,219.971517241379,223.937509867215,0.00112128379572609,0.775985079763007,0.222893636441267,normal,0.539000925981912
1040915990,20040101,200.509793103448,208.33583808567,0.00525284091743226,0.890877286747573,0.103869872334995,normal,0.365737116060209
1040915990,20050101,563.050103448276,423.482780841276,2.31751819330972e-21,1.08033172407929e-08,0.999999989196683,above,2.09001653867773e-07
1040915990,20060101,103.735,95.4568442771555,0.850740728239824,0.149258679308421,5.92451754766188e-07,below,0.42143002594466
1040915990,20070101,162.855344827586,169.48587181457,0.0933722327312635,0.900387512136111,0.00624025513262561,normal,0.347558435873752
1040915990,20080101,432.325586206897,419.168401451311,8.50456293788671e-21,2.36615891324732e-08,0.999999976338411,above,4.39173831404999e-07
1040915990,20090101,247.855586206897,235.987160937111,0.000290653059211775,0.647120320803387,0.352589026137401,normal,0.651565750193032
1040915990,20100101,210.705965517241,235.96513577675,0.000291408021944639,0.647380287947508,0.352328304030547,normal,0.651413101904611
1040915990,20110101,128.069310344828,106.444587214233,0.754698433886205,0.245298292180432,3.27393336263526e-06,below,0.557154292783269
1040915990,20120101,463.763103448276,420.20733753029,6.22913624322024e-21,1.96237569527469e-08,0.999999980376243,above,3.67905879563022e-07
1040915990,20130101,212.160448275862,212.220526304989,0.00365304661571402,0.868362263644692,0.127984689739594,normal,0.406184360980524
1040915990,20140101,109.942482758621,95.9233813951933,0.847257850747906,0.152741510664827,6.3858726706556e-07,below,0.427444829099759
1040915990,20150101,82.6658275862069,94.527994255288,0.857515922163062,0.142483567875751,5.09961186390129e-07,below,0.409454211865543
1040915990,20160101,308.849413793103,311.311137279585,2.58886653928692e-09,0.0215454884269105,0.978454508984223,above,0.103994478884539
1040915990,20170101,269.470517241379,254.790886710496,2.67698006781155e-05,0.412487318610669,0.587485911588652,above,0.678045434841516
1040915990,20180101,229.040275862069,252.844323855117,3.48130045277637e-05,0.436787699468457,0.563177487527016,above,0.6855063643085
1040915990,20190101,269.676275862069,271.395914841555,2.45092518181695e-06,0.226499872424086,0.773497676650733,above,0.535045871579795
1040915990,20200101,166.548275862069,156.121641068459,0.185594549935524,0.812679189207821,0.00172626085665506,normal,0.492123741680528
1040915990,20210101,167.713586206897,184.217982605778,0.0367350424831513,0.94201698732635,0.0212479701904987,normal,0.259478426697237
1040915990,20220101,93.4960344827586,114.83012124061,0.663500991064399,0.336487861136394,1.11477992079667e-05,below,0.638812072842594
1040915990,20230101,52.3995517241379,104.854682362555,0.770359897689121,0.229637527064107,2.57524677182985e-06,below,0.538873035992809
1040915990,20240101,235.930379310345,269.579149132488,3.22567139429468e-06,0.244308261809617,0.755688512518989,above,0.556038407789347
1040915990,20250101,191.280068965517,183.6510155792,0.0382117468608818,0.941444684165128,0.0203435689739903,normal,0.260791021628071
1040915990,20260101,NA,222.855644476802,0.00125727389967276,0.786001120633627,0.2127416054667,normal,0.526919135725895
